{
    "s2": 0.2267951063942611,
    "p": 0.015861180439783452,
    "loss": 3.738405819756522e-05
}