{
    "s2": 0.027117300647157394,
    "p": 0.0668934516566584,
    "loss": 4.4732846019573365e-05
}