{
    "score": {
        "cov": {
            "a": 0.35914970208265595,
            "b": 4.8238911232102315e-05
        },
        "pars": {
            "a": 14.44665294915777,
            "b": 0.003357045730213974
        }
    }
}