{
    "blur": {
        "cov": {
            "a": 0.04176288712439891,
            "b": 0.005776627524913092
        },
        "pars": {
            "a": 0.5076937598079351,
            "b": -0.05838358502559683
        }
    },
    "gt": {
        "cov": {
            "a": null,
            "b": null
        },
        "pars": {
            "a": null,
            "b": null
        }
    }
}