{
    "s2": 0.013686168201064833,
    "p": 0.024793449956169503,
    "loss": 0.0006116805123293152
}