{
    "s2": 0.5914247122090516,
    "p": 0.014115344732878614,
    "loss": 0.0007308573916206142
}