{
    "s2": -0.00038933680189101594,
    "p": 0.5055284590601891,
    "loss": 0.0005923563991313437
}