{
    "s2": 0.6510087302716737,
    "p": 0.010209818434594007,
    "loss": 0.0004599157014199305
}