{
    "s2": 0.00011169696583590571,
    "p": 0.043560034347279585,
    "loss": 0.0005748896908640907
}