{
    "s2": -0.003211506020768695,
    "p": 0.010598237456014922,
    "loss": 0.0014330394249225417
}