{
    "s2": 0.7039569288849291,
    "p": 0.010297487765149408,
    "loss": 0.0005975338676494503
}