{
    "s2": 0.5539234518153799,
    "p": 0.013914006409612732,
    "loss": 0.0006796955232157228
}