{
    "s2": 0.004329885214125584,
    "p": 0.10978679045615983,
    "loss": 0.0009376906860678988
}