{
    "s2": 0.01048873380599246,
    "p": 0.042701868151255096,
    "loss": 0.0006154900479322875
}