{
    "s2": 0.011427486445566164,
    "p": 0.018979275838079807,
    "loss": 0.0008866302263577563
}