{
    "s2": 0.6924803106511078,
    "p": 0.010353037352557081,
    "loss": 0.0005048195872600365
}