{
    "s2": 0.5600319726776104,
    "p": 0.013520898567237677,
    "loss": 0.0005622338556346665
}