{
    "s2": 0.55041971382664,
    "p": 0.010748637149819608,
    "loss": 0.0006768261201192158
}