{
    "s2": 0.6594333520717255,
    "p": 0.010671492268469137,
    "loss": 0.0006279773350786619
}