{
    "s2": 0.6679989546894699,
    "p": 0.01057650905558685,
    "loss": 0.000679309603433244
}