{
    "s2": 0.5670094103262902,
    "p": 0.015408608296386319,
    "loss": 0.0007682680925416676
}