{
    "s2": -0.01002779487065708,
    "p": 0.010470225065877197,
    "loss": 0.0009679924456255127
}