{
    "s2": 0.011599333423371846,
    "p": 0.01140839167514543,
    "loss": 0.0012609437353635522
}