{
    "s2": 0.001495661044983665,
    "p": 0.01055460340197296,
    "loss": 0.0005812494721826086
}