{
    "s2": 0.015087169969143152,
    "p": 0.011641938323295672,
    "loss": 0.001197276150762675
}