{
    "s2": 0.0012256323065946706,
    "p": 0.11334732960949913,
    "loss": 0.0006277826979324654
}