{
    "s2": 0.4877318354242883,
    "p": 0.01764826908573471,
    "loss": 0.0007199103785278651
}