{
    "s2": 0.661639735344826,
    "p": 0.010706900591463094,
    "loss": 0.0006915259019995448
}