{
    "s2": -0.004029133958760145,
    "p": 0.1171723685768561,
    "loss": 0.0007581765565694778
}