{
    "s2": -0.005757759428805853,
    "p": 0.07621047363920293,
    "loss": 0.0007063731660431666
}