{
    "s2": 0.013330567806993696,
    "p": 0.010119582527687227,
    "loss": 0.0014550916829085192
}