{
    "s2": -0.003142067982783381,
    "p": 0.010401705622815756,
    "loss": 0.0013952587878159417
}