{
    "s2": 0.011716678290476956,
    "p": 0.010447796622709898,
    "loss": 0.001147374151346285
}