{
    "s2": 0.5534279591415628,
    "p": 0.01063793079996524,
    "loss": 0.0004825204202496798
}