{
    "s2": 0.012212740077537143,
    "p": 0.010576111900347575,
    "loss": 0.0012707857761081367
}