{
    "blur": {
        "cov": {
            "a": 0.0007082998506306592,
            "b": 6.209074888971631e-05
        },
        "pars": {
            "a": 0.1544534281101964,
            "b": 0.072262590009124
        }
    },
    "gt": {
        "cov": {
            "a": null,
            "b": null
        },
        "pars": {
            "a": null,
            "b": null
        }
    }
}