{
    "score": {
        "cov": {
            "a": 0.11886166497234248,
            "b": 2.9076158513063868e-05
        },
        "pars": {
            "a": 6.92634726372947,
            "b": 0.06263067601888024
        }
    }
}