{
    "blur": {
        "cov": {
            "a": 0.01636094329279221,
            "b": 0.0011730853567085563
        },
        "pars": {
            "a": 0.7237622109555819,
            "b": -0.09882046830799071
        }
    },
    "gt": {
        "cov": {
            "a": null,
            "b": null
        },
        "pars": {
            "a": null,
            "b": null
        }
    }
}