{
    "blur": {
        "cov": {
            "a": 0.0028865294919684995,
            "b": 6.0759388878474194e-05
        },
        "pars": {
            "a": 0.3136083680339161,
            "b": 0.029573370541464236
        }
    },
    "gt": {
        "cov": {
            "a": null,
            "b": null
        },
        "pars": {
            "a": null,
            "b": null
        }
    }
}