{
    "s2": 0.3229684117691742,
    "p": 0.012497289562989778,
    "loss": 3.3902221924292875e-05
}