{
    "m00": 49929.0,
    "m01": 49254958.5,
    "m02": 48788399188.33333,
    "m03": 48521164724499.25,
    "m10": 60788557.5,
    "m11": 59967911973.75,
    "m12": 59399876011795.836,
    "m20": 74208451384.33333,
    "m21": 73206637290644.83,
    "m30": 90831851259808.75,
    "mu02": 198382628.08332825,
    "mu03": 0.015625,
    "mu11": 0.0,
    "mu12": 0.0087890625,
    "mu20": 198382628.08332825,
    "mu21": -0.00018310546875,
    "mu30": 0.015625,
    "nu02": 0.07957889483176998,
    "nu03": 2.805032233689041e-14,
    "nu11": 0.0,
    "nu12": 1.5778306314500856e-14,
    "nu20": 0.07957889483176998,
    "nu21": -3.2871471488543453e-16,
    "nu30": 2.805032233689041e-14
}