{
    "m00": 212527.0,
    "m01": 218158965.5,
    "m02": 227534525349.66666,
    "m03": 240943385204253.75,
    "m10": 257051406.5,
    "m11": 263863268772.25,
    "m12": 275203008410421.94,
    "m20": 314498023425.6666,
    "m21": 322832221046446.6,
    "m30": 389080085364758.25,
    "mu02": 3594347263.9166565,
    "mu03": 0.03125,
    "mu11": 0.0,
    "mu12": 0.11669921875,
    "mu20": 3594347263.916626,
    "mu21": -0.16650390625,
    "mu30": 0.125,
    "nu02": 0.07957777828979558,
    "nu03": 1.5007720817687679e-15,
    "nu11": 0.0,
    "nu12": 5.604445742855242e-15,
    "nu20": 0.0795777782897949,
    "nu21": -7.996301248174217e-15,
    "nu30": 6.0030883270750716e-15
}