{
    "m00": 361239.0,
    "m01": 376952896.5,
    "m02": 403734722721.6666,
    "m03": 442969374252373.25,
    "m10": 444143350.5,
    "m11": 463463586246.75,
    "m12": 496391841586289.3,
    "m20": 556458624663.6666,
    "m21": 580664574836536.5,
    "m30": 709701057699589.0,
    "mu02": 10384375223.916626,
    "mu03": 0.125,
    "mu11": 0.0,
    "mu12": 0.1953125,
    "mu20": 10384375223.916626,
    "mu21": 0.375,
    "mu30": -0.125,
    "nu02": 0.07957764994316183,
    "nu03": 1.5937618782802112e-15,
    "nu11": 0.0,
    "nu12": 2.49025293481283e-15,
    "nu20": 0.07957764994316183,
    "nu21": 4.7812856348406336e-15,
    "nu30": -1.5937618782802112e-15
}