{
    "m00": 96834.0,
    "m01": 100029522.0,
    "m02": 104076686383.66666,
    "m03": 109052845900067.0,
    "m10": 119008986.0,
    "m11": 122936282538.0,
    "m12": 127910247565526.33,
    "m20": 147008233951.66666,
    "m21": 151859505672071.6,
    "m30": 182507254934143.0,
    "mu02": 746190157.6666565,
    "mu03": 0.03125,
    "mu11": 0.0,
    "mu12": 0.00732421875,
    "mu20": 746190157.6666565,
    "mu21": -0.0623779296875,
    "mu30": 0.03125,
    "nu02": 0.07957813786409448,
    "nu03": 1.0709774872721274e-14,
    "nu11": 0.0,
    "nu12": 2.5101034857940485e-15,
    "nu20": 0.07957813786409448,
    "nu21": -2.137771468734598e-14,
    "nu30": 1.0709774872721274e-14
}