{
    "m00": 73128.0,
    "m01": 72689232.0,
    "m02": 72678658316.66666,
    "m03": 73088603043596.0,
    "m10": 89728056.0,
    "m11": 89189687664.0,
    "m12": 89176713754550.0,
    "m20": 110521886420.66666,
    "m21": 109858755102142.67,
    "m30": 136654683071226.0,
    "mu02": 425561708.6666565,
    "mu03": 0.03125,
    "mu11": 0.0,
    "mu12": 0.012451171875,
    "mu20": 425561708.6666565,
    "mu21": 0.01531982421875,
    "mu30": 0.03125,
    "nu02": 0.07957839067168909,
    "nu03": 2.160930413156012e-14,
    "nu11": 0.0,
    "nu12": 8.609957114918485e-15,
    "nu20": 0.07957839067168909,
    "nu21": 1.0593623705120294e-14,
    "nu30": 2.160930413156012e-14
}