{
    "m00": 158816.0,
    "m01": 164136336.0,
    "m02": 171646673734.66666,
    "m03": 181555166884182.0,
    "m10": 195343680.0,
    "m11": 201887693280.0,
    "m12": 211125408693640.1,
    "m20": 242275277602.0,
    "m21": 250391499401667.1,
    "m30": 302924867407380.0,
    "mu02": 2011770478.6666565,
    "mu03": 0.03125,
    "mu11": 0.0,
    "mu12": 0.1064453125,
    "mu20": 2002551202.0,
    "mu21": 0.09375,
    "mu30": 0.0,
    "nu02": 0.07976087760582479,
    "nu03": 3.1089546557721833e-15,
    "nu11": 0.0,
    "nu12": 1.0589876796224e-14,
    "nu20": 0.07939535996570572,
    "nu21": 9.32686396731655e-15,
    "nu30": 0.0
}