{
    "m00": 175494.0,
    "m01": 181987278.0,
    "m02": 191176973951.0,
    "m03": 203344611650397.0,
    "m10": 214892403.0,
    "m11": 222843421911.0,
    "m12": 234096204602999.47,
    "m20": 265581292812.66666,
    "m21": 275407800646735.25,
    "m30": 331193433584729.5,
    "mu02": 2456166665.0,
    "mu03": 0.0,
    "mu11": 0.0,
    "mu12": -0.03125,
    "mu20": 2445545339.1666565,
    "mu21": -0.07275390625,
    "mu30": 0.0625,
    "nu02": 0.07975047659134858,
    "nu03": 0.0,
    "nu11": 0.0,
    "nu12": -2.42211265905929e-15,
    "nu20": 0.07940560756869162,
    "nu21": -5.638981034372409e-15,
    "nu30": 4.84422531811858e-15
}