{
    "m00": 48766.0,
    "m01": 47595616.0,
    "m02": 46642569531.666664,
    "m03": 45892560575088.0,
    "m10": 59494520.0,
    "m11": 58066651520.0,
    "m12": 56903934828633.336,
    "m20": 72772562715.66666,
    "m21": 71026021210490.67,
    "m30": 89244292403340.0,
    "mu02": 189248315.66666412,
    "mu03": 0.0078125,
    "mu11": 0.0,
    "mu12": 0.005706787109375,
    "mu20": 189248315.6666565,
    "mu21": 0.01513671875,
    "mu30": 0.03125,
    "nu02": 0.07957886748663033,
    "nu03": 1.4876377641894574e-14,
    "nu11": 0.0,
    "nu12": 1.0866728980602676e-14,
    "nu20": 0.07957886748662713,
    "nu21": 2.8822981681170736e-14,
    "nu30": 5.95055105675783e-14
}