{
    "m00": 111718.0,
    "m01": 112835180.0,
    "m02": 114956738233.66666,
    "m03": 118112582612010.0,
    "m10": 137301422.0,
    "m11": 138674436220.0,
    "m12": 141281831289176.34,
    "m20": 169736654071.66666,
    "m21": 171434020612383.22,
    "m30": 211047649268031.0,
    "mu02": 993206433.6666565,
    "mu03": 0.03125,
    "mu11": 0.0,
    "mu12": 0.02294921875,
    "mu20": 993206433.6666565,
    "mu21": -0.104248046875,
    "mu30": 0.03125,
    "nu02": 0.0795780365686259,
    "nu03": 7.49104043010009e-15,
    "nu11": 0.0,
    "nu12": 5.501232815854753e-15,
    "nu20": 0.0795780365686259,
    "nu21": -2.4989642684787017e-14,
    "nu30": 7.49104043010009e-15
}