{
    "m00": 260751.0,
    "m01": 265835644.5,
    "m02": 276430014859.6666,
    "m03": 292852563169648.25,
    "m10": 321114856.5,
    "m11": 327376596201.75,
    "m12": 340423563299679.25,
    "m20": 400863521071.6666,
    "m21": 408680359732564.06,
    "m30": 506989673143748.0,
    "mu02": 5410575291.916626,
    "mu03": 0.125,
    "mu11": 0.0,
    "mu12": -0.2001953125,
    "mu20": 5410575291.916626,
    "mu21": -0.0625,
    "mu30": -0.125,
    "nu02": 0.07957771774659525,
    "nu03": 3.600352773730387e-15,
    "nu11": 0.0,
    "nu12": -5.766189989177573e-15,
    "nu20": 0.07957771774659525,
    "nu21": -1.8001763868651936e-15,
    "nu30": -3.600352773730387e-15
}