{
    "m00": 53159.0,
    "m01": 53982964.5,
    "m02": 55044580056.33333,
    "m03": 56354501528177.25,
    "m10": 64933718.5,
    "m11": 65940191136.75,
    "m12": 67236954538811.164,
    "m20": 79541416754.33333,
    "m21": 80774308714025.5,
    "m30": 97709221444301.25,
    "mu02": 224879606.58332825,
    "mu03": 0.015625,
    "mu11": 0.0,
    "mu12": 0.00360107421875,
    "mu20": 224879606.58332825,
    "mu21": 0.005157470703125,
    "mu30": 0.015625,
    "nu02": 0.07957863171839018,
    "nu03": 2.3981592520710318e-14,
    "nu11": 0.0,
    "nu12": 5.527007651257456e-15,
    "nu20": 0.07957863171839018,
    "nu21": 7.915799093750085e-15,
    "nu30": 2.3981592520710318e-14
}