{
    "m00": 84068.0,
    "m01": 84992748.0,
    "m02": 86490081847.33333,
    "m03": 88578673085946.0,
    "m10": 103235504.0,
    "m11": 104371094544.0,
    "m12": 106209820508525.33,
    "m20": 127335612531.33333,
    "m21": 128736304269178.0,
    "m30": 157749420037560.0,
    "mu02": 562413619.3333282,
    "mu03": 0.015625,
    "mu11": 0.0,
    "mu12": 0.0009765625,
    "mu20": 562413619.3333282,
    "mu21": 0.005126953125,
    "mu30": 0.03125,
    "nu02": 0.07957825246702178,
    "nu03": 7.625059503362942e-15,
    "nu11": 0.0,
    "nu12": 4.765662189601839e-16,
    "nu20": 0.07957825246702178,
    "nu21": 2.5019726495409652e-15,
    "nu30": 1.5250119006725884e-14
}