{
    "m00": 96834.0,
    "m01": 98964348.0,
    "m02": 101887753813.66666,
    "m03": 105654497079838.0,
    "m10": 118621650.0,
    "m11": 121231326300.0,
    "m12": 124812498421741.67,
    "m20": 146057711407.66666,
    "m21": 149270981058635.34,
    "m30": 180748862360675.0,
    "mu02": 746190157.6666412,
    "mu03": 0.046875,
    "mu11": -1.52587890625e-05,
    "mu12": 0.036376953125,
    "mu20": 746190157.6666565,
    "mu21": 0.052001953125,
    "mu30": 0.03125,
    "nu02": 0.07957813786409285,
    "nu03": 1.606466230908191e-14,
    "nu11": -1.6272876386520334e-15,
    "nu12": 1.2466847312777108e-14,
    "nu20": 0.07957813786409448,
    "nu21": 1.7821734749137745e-14,
    "nu30": 1.0709774872721274e-14
}