{
    "m00": 244697.0,
    "m01": 253139046.5,
    "m02": 266637189960.3333,
    "m03": 285694640124701.25,
    "m10": 300854961.5,
    "m11": 311234457671.75,
    "m12": 327830425056230.0,
    "m20": 374666021520.3333,
    "m21": 387591999262784.94,
    "m30": 472368630648859.44,
    "mu02": 4764846356.083313,
    "mu03": 0.0625,
    "mu11": 0.0,
    "mu12": 0.19140625,
    "mu20": 4764846356.083313,
    "mu21": 0.125,
    "mu30": 0.75,
    "nu02": 0.07957774189871068,
    "nu03": 2.1101260795775734e-15,
    "nu11": 0.0,
    "nu12": 6.462261118706319e-15,
    "nu20": 0.07957774189871068,
    "nu21": 4.220252159155147e-15,
    "nu30": 2.532151295493088e-14
}