{
    "m00": 160583.0,
    "m01": 161305623.5,
    "m02": 164083565640.3333,
    "m03": 168944543956392.75,
    "m10": 197276215.5,
    "m11": 198163958469.75,
    "m12": 201576660389149.38,
    "m20": 244405897576.3333,
    "m21": 245505724115426.94,
    "m30": 305294573385096.75,
    "mu02": 2052066834.5832825,
    "mu03": 0.09375,
    "mu11": -3.0517578125e-05,
    "mu12": -0.0625,
    "mu20": 2052066834.583313,
    "mu21": 0.186767578125,
    "mu30": 0.0625,
    "nu02": 0.07957788037400491,
    "nu03": 9.0724035241985e-15,
    "nu11": -1.1834527708395837e-15,
    "nu12": -6.048269016132333e-15,
    "nu20": 0.07957788037400611,
    "nu21": 1.8073928895864196e-14,
    "nu30": 6.048269016132333e-15
}