{
    "m00": 58595.0,
    "m01": 59503222.5,
    "m02": 60696752790.33333,
    "m03": 62188421282339.25,
    "m10": 71456602.5,
    "m11": 72564179838.75,
    "m12": 74019690027811.5,
    "m20": 87416557331.66666,
    "m21": 88771513970307.5,
    "m30": 107275779057701.25,
    "mu02": 271230341.58332825,
    "mu03": 0.015625,
    "mu11": 0.0,
    "mu12": 0.0062255859375,
    "mu20": 275230582.9166565,
    "mu21": 0.01031494140625,
    "mu30": 0.03125,
    "nu02": 0.07899819233452966,
    "nu03": 1.8800466668478955e-14,
    "nu11": 0.0,
    "nu12": 7.490810938222083e-15,
    "nu20": 0.08016329736072274,
    "nu21": 1.241124557411306e-14,
    "nu30": 3.760093333695791e-14
}