{
    "m00": 49742.0,
    "m01": 48199998.0,
    "m02": 46901874444.0,
    "m03": 45827912364552.0,
    "m10": 60660369.0,
    "m11": 58779897561.0,
    "m12": 57196835884458.0,
    "m20": 74173046043.33333,
    "m21": 71873681615990.0,
    "m30": 90936283480510.5,
    "mu02": 196076382.0,
    "mu03": 0.0,
    "mu11": 0.0,
    "mu12": 0.0,
    "mu20": 197726047.83332825,
    "mu21": 0.00494384765625,
    "mu30": 0.015625,
    "nu02": 0.07924626426791095,
    "nu03": 0.0,
    "nu11": 0.0,
    "nu12": 0.0,
    "nu20": 0.07991299349479802,
    "nu21": 8.958947088640306e-15,
    "nu30": 2.8314696971505165e-14
}