{
    "m00": 47986.0,
    "m01": 46978294.0,
    "m02": 46174992579.666664,
    "m03": 45564107047173.0,
    "m10": 58350976.0,
    "m11": 57125605504.0,
    "m12": 56148790976874.664,
    "m20": 71138029569.66666,
    "m21": 69644130948703.664,
    "m30": 86949490333632.0,
    "mu02": 183242753.66667175,
    "mu03": 0.0,
    "mu11": 7.62939453125e-06,
    "mu12": -0.0087890625,
    "mu20": 183242753.6666565,
    "mu21": -0.00823974609375,
    "mu30": 0.03125,
    "nu02": 0.07957885939941323,
    "nu03": 0.0,
    "nu11": 3.3133016316127458e-15,
    "nu12": -1.7424333651117817e-14,
    "nu20": 0.0795788593994066,
    "nu21": -1.6335312797922952e-14,
    "nu30": 6.195318631508557e-14
}