{
    "m00": 67057.0,
    "m01": 67023471.5,
    "m02": 67347795849.0,
    "m03": 68029436284490.75,
    "m10": 82379524.5,
    "m11": 82338334737.75,
    "m12": 82736767200496.5,
    "m20": 101561081933.0,
    "m21": 101510301392033.5,
    "m30": 125646992414921.25,
    "mu02": 357836084.75,
    "mu03": 0.0,
    "mu11": 0.0,
    "mu12": 0.0,
    "mu20": 357836084.75,
    "mu21": 0.0,
    "mu30": 0.0,
    "nu02": 0.0795785264900949,
    "nu03": 0.0,
    "nu11": 0.0,
    "nu12": 0.0,
    "nu20": 0.0795785264900949,
    "nu21": 0.0,
    "nu30": 0.0
}