{
    "m00": 50743.0,
    "m01": 51377287.5,
    "m02": 52224407085.666664,
    "m03": 53292141745368.75,
    "m10": 62134803.5,
    "m11": 62911488543.75,
    "m12": 63948786476398.836,
    "m20": 76288970377.66666,
    "m21": 77242582507387.5,
    "m30": 93917652879156.75,
    "mu02": 204903491.91666412,
    "mu03": 0.0078125,
    "mu11": 0.0,
    "mu12": 0.005706787109375,
    "mu20": 204903491.9166565,
    "mu21": 0.01031494140625,
    "mu30": 0.03125,
    "nu02": 0.07957874395006224,
    "nu03": 1.3469444369626985e-14,
    "nu11": 0.0,
    "nu12": 9.839008191875961e-15,
    "nu20": 0.07957874395005927,
    "nu21": 1.7783875769273127e-14,
    "nu30": 5.387777747850794e-14
}