{
    "m00": 152832.0,
    "m01": 160779264.0,
    "m02": 170998535538.66666,
    "m03": 183801268988320.0,
    "m10": 188594688.0,
    "m11": 198401611776.0,
    "m12": 211012192854714.47,
    "m20": 234584594802.66666,
    "m21": 246782993732405.53,
    "m30": 294064784519216.0,
    "mu02": 1858749810.6666565,
    "mu03": 0.03125,
    "mu11": 0.0,
    "mu12": -0.185546875,
    "mu20": 1858749810.6666565,
    "mu21": 0.20849609375,
    "mu30": 0.0625,
    "nu02": 0.07957787620661746,
    "nu03": 3.4222700816065317e-15,
    "nu11": 0.0,
    "nu12": -2.0319728609538783e-14,
    "nu20": 0.07957787620661746,
    "nu21": 2.283295820071858e-14,
    "nu30": 6.844540163213063e-15
}