{
    "m00": 566398.0,
    "m01": 591319512.0,
    "m02": 642866592214.3333,
    "m03": 724457319552827.6,
    "m10": 698935132.0,
    "m11": 729688277808.0,
    "m12": 793297374792487.5,
    "m20": 888014974574.3333,
    "m21": 927087633455604.2,
    "m30": 1158816104146598.8,
    "mu02": 25529021686.333252,
    "mu03": -0.125,
    "mu11": 0.0,
    "mu12": 0.265625,
    "mu20": 25529021686.333252,
    "mu21": 0.3359375,
    "mu30": 1.0,
    "nu02": 0.07957758404562439,
    "nu03": -5.177328659853291e-16,
    "nu11": 0.0,
    "nu12": 1.1001823402188243e-15,
    "nu20": 0.07957758404562439,
    "nu21": 1.391407077335572e-15,
    "nu30": 4.141862927882633e-15
}