{
    "s2": 0.7277136275783423,
    "p": 0.015755392506579112,
    "loss": 0.0003989211020970045
}