{
    "s2": 0.010191164590510983,
    "p": 0.043271488037013556,
    "loss": 0.0007444714838414981
}