{
    "s2": 0.7308452172194273,
    "p": 0.012637035464474186,
    "loss": 0.0004921136158532455
}