{
    "s2": 0.9110433415962755,
    "p": 0.012694199213018625,
    "loss": 0.0010483377060316163
}