{
    "s2": 0.5385827989566592,
    "p": 0.010132128122466182,
    "loss": 0.001002261360095491
}