{
    "s2": 0.6522365590947038,
    "p": 0.010571365249600619,
    "loss": 0.0010928160435442944
}