{
    "s2": 0.6604952273044173,
    "p": 0.014210539768296322,
    "loss": 0.0005805297069249578
}