{
    "s2": 0.5768398318585698,
    "p": 0.013092526345878194,
    "loss": 0.0008325033994601805
}