{
    "s2": 0.5767660539744107,
    "p": 0.010240501654476142,
    "loss": 0.0009028227227577506
}