{
    "s2": 0.7411988693270984,
    "p": 0.014432352119027374,
    "loss": 0.0011372661506126214
}