{
    "s2": 0.8175498011583763,
    "p": 0.01465522395471918,
    "loss": 0.0010594680861762242
}