{
    "s2": 0.11769751202756863,
    "p": 0.02165264026206736,
    "loss": 4.597606290738378e-05
}