{
    "blur": {
        "cov": {
            "a": 0.014160824477145183,
            "b": 0.00048807632913485435
        },
        "pars": {
            "a": 0.5171292548631381,
            "b": -0.0024730990403365604
        }
    },
    "gt": {
        "cov": {
            "a": null,
            "b": null
        },
        "pars": {
            "a": null,
            "b": null
        }
    }
}