{
    "s2": 0.02304584699719049,
    "p": 0.08401072096640155,
    "loss": 5.406999401871473e-05
}