{
    "m00": 16050332.0,
    "m01": 15167499280.0,
    "m02": 14413620424212.0,
    "m03": 1.3772758571069744e+16,
    "m10": 19790057585.0,
    "m11": 18701525524550.0,
    "m12": 1.7771993702262956e+16,
    "m20": 24481533437483.0,
    "m21": 2.313495205825485e+16,
    "m30": 3.03839809368325e+16,
    "mu02": 80394519053.11914,
    "mu03": 161702444.0,
    "mu11": 585897.88671875,
    "mu12": 202271855.203125,
    "mu20": 80394618820.80078,
    "mu21": -164305105.5,
    "mu30": -202552480.0,
    "nu02": 0.00031207458459237827,
    "nu03": 1.5667746403907672e-10,
    "nu11": 2.2743321530475933e-09,
    "nu12": 1.9598616159261606e-10,
    "nu20": 0.0003120749718694983,
    "nu21": -1.5919924660144873e-10,
    "nu30": -1.962580658411434e-10
}