{
    "m00": 12992.0,
    "m01": 12699680.0,
    "m02": 12427273408.0,
    "m03": 12173732042960.0,
    "m10": 16512832.0,
    "m11": 16141293280.0,
    "m12": 15795064501568.0,
    "m20": 21001340023.333332,
    "m21": 20528809872808.332,
    "m30": 26727097831146.0,
    "mu02": 13336208.0,
    "mu03": 0.0,
    "mu11": 0.0,
    "mu12": 0.0,
    "mu20": 13530551.333332062,
    "mu21": -5.91278076171875e-05,
    "mu30": 0.00390625,
    "nu02": 0.07900968614259021,
    "nu03": 0.0,
    "nu11": 0.0,
    "nu12": 0.0,
    "nu20": 0.08016106333845212,
    "nu21": -3.0732772880853906e-15,
    "nu30": 2.030345769677058e-13
}