{
    "m00": 27577705.0,
    "m01": 25592086355.0,
    "m02": 23986775722037.0,
    "m03": 2.270021377686219e+16,
    "m10": 32845074171.0,
    "m11": 30480206268077.0,
    "m12": 2.8568284455056876e+16,
    "m20": 39355854806331.0,
    "m21": 3.652221237787136e+16,
    "m30": 4.743820387770658e+16,
    "mu02": 237341749856.3125,
    "mu03": 805103756.0,
    "mu11": 5884447.83203125,
    "mu12": -284519582.875,
    "mu20": 237338697086.54688,
    "mu21": -813136222.84375,
    "mu30": 285494656.0,
    "nu02": 0.0003120742221783167,
    "nu03": 2.0158422748623929e-10,
    "nu11": 7.73730066978013e-09,
    "nu12": -7.123884330576134e-11,
    "nu20": 0.0003120702081742459,
    "nu21": -2.0359541997098307e-10,
    "nu30": 7.148298495977906e-11
}