{
    "m00": 5326867.0,
    "m01": 5188382478.0,
    "m02": 5062353792822.0,
    "m03": 4947996693499662.0,
    "m10": 6711885168.0,
    "m11": 6537394915307.0,
    "m12": 6378599095071773.0,
    "m20": 8465872238958.0,
    "m21": 8245784592497005.0,
    "m30": 1.0689367392584952e+16,
    "mu02": 8855603733.09961,
    "mu03": 12787273.0,
    "mu11": 1096388.80859375,
    "mu12": 58493706.59765625,
    "mu20": 8855664596.674805,
    "mu21": -12838154.561523438,
    "mu30": -57843896.0,
    "nu02": 0.00031208612982777434,
    "nu03": 1.952532643115119e-10,
    "nu11": 3.863855592155584e-08,
    "nu12": 8.931605006690795e-10,
    "nu20": 0.0003120882747608814,
    "nu21": -1.9603019235400526e-10,
    "nu30": -8.832383194208496e-10
}