{
    "m00": 118955.0,
    "m01": 107891978.0,
    "m02": 98983867510.16666,
    "m03": 91820810591099.0,
    "m10": 140247805.5,
    "m11": 127204572451.25,
    "m12": 116701965699928.92,
    "m20": 166478072287.66666,
    "m21": 150995457777168.8,
    "m30": 198932733267405.75,
    "mu02": 1126031212.8064575,
    "mu03": -1694560.859375,
    "mu11": 56915.507263183594,
    "mu12": -1259483.7683105469,
    "mu20": 1126074073.5030823,
    "mu21": 1703079.2647705078,
    "mu30": 1246943.25,
    "nu02": 0.07957653529814394,
    "nu03": -3.472165500592405e-07,
    "nu11": 4.0222143233954625e-06,
    "nu12": -2.580689896553453e-07,
    "nu20": 0.07957956426012926,
    "nu21": 3.489619765023634e-07,
    "nu30": 2.55499429831245e-07
}