{
    "m00": 108185.0,
    "m01": 100395770.5,
    "m02": 94098775103.33333,
    "m03": 89052452469894.25,
    "m10": 128848259.0,
    "m11": 119571248179.75,
    "m12": 112071492302838.08,
    "m20": 154389533035.8333,
    "m21": 143273510474537.75,
    "m30": 186096293988998.5,
    "mu02": 931416095.2576294,
    "mu03": 626437.6875,
    "mu11": -43957.68641662598,
    "mu12": -1155270.2536621094,
    "mu20": 931347082.7799377,
    "mu21": -627047.1365966797,
    "mu30": 1159383.0,
    "nu02": 0.07958104535527735,
    "nu03": 1.6272723838123094e-07,
    "nu11": -3.755785039839762e-06,
    "nu12": -3.00099980754142e-07,
    "nu20": 0.07957514886589391,
    "nu21": -1.628855525606227e-07,
    "nu30": 3.01168332590377e-07
}