{
    "m00": 2770831.0,
    "m01": 2700159318.0,
    "m02": 2633705936642.0,
    "m03": 2571240039936798.0,
    "m10": 3521737343.0,
    "m11": 3431913962808.0,
    "m12": 3347452041349032.0,
    "m20": 4478519101591.0,
    "m21": 4364293374655882.0,
    "m30": 5698257560873201.0,
    "mu02": 2415777631.1381836,
    "mu03": 5933395.5,
    "mu11": 611813.2939453125,
    "mu12": 12863838.567382812,
    "mu20": 2376777111.196289,
    "mu21": -6027881.840332031,
    "mu30": -12695454.0,
    "nu02": 0.00031465662481703846,
    "nu03": 4.642781050748691e-10,
    "nu11": 7.968908380045139e-08,
    "nu12": 1.0065734863036706e-09,
    "nu20": 0.00030957678145196666,
    "nu21": -4.716715004830826e-10,
    "nu30": -9.933976803307932e-10
}