{
    "m00": 9863.0,
    "m01": 9641082.5,
    "m02": 9431900053.666666,
    "m03": 9234817736346.25,
    "m10": 12560530.5,
    "m11": 12277918563.75,
    "m12": 12011524718344.5,
    "m20": 16003577501.666666,
    "m21": 15643497007879.166,
    "m30": 20400274592930.25,
    "mu02": 7741909.916666031,
    "mu03": 0.001953125,
    "mu11": 0.0,
    "mu12": 0.0008087158203125,
    "mu20": 7741909.916666031,
    "mu21": -2.956390380859375e-05,
    "mu30": 0.00390625,
    "nu02": 0.07958478500756964,
    "nu03": 2.0216569177489237e-13,
    "nu11": 0.0,
    "nu12": 8.370923175054137e-14,
    "nu20": 0.07958478500756964,
    "nu21": -3.0601252172957343e-15,
    "nu30": 4.0433138354978475e-13
}