{
    "m00": 62976.0,
    "m01": 59512320.0,
    "m02": 56554748394.33333,
    "m03": 54040732561935.0,
    "m10": 77649408.0,
    "m11": 73378710649.83333,
    "m12": 69732042739998.0,
    "m20": 96057327862.66666,
    "m21": 90774224371749.0,
    "m30": 119216974086180.0,
    "mu02": 315605994.3333206,
    "mu03": 0.0234375,
    "mu11": 20089.83331298828,
    "mu12": 0.03125,
    "mu20": 315607798.66664124,
    "mu21": 0.03961181640625,
    "mu30": 0.046875,
    "nu02": 0.07957838083139518,
    "nu03": 2.3549061508031828e-14,
    "nu11": 5.065545125647329e-06,
    "nu12": 3.139874867737577e-14,
    "nu20": 0.07957883578449085,
    "nu21": 3.980036697581421e-14,
    "nu30": 4.7098123016063656e-14
}