{
    "m00": 14826379.0,
    "m01": 14388874783.0,
    "m02": 14032879033501.0,
    "m03": 1.3751938415159088e+16,
    "m10": 18451389861.0,
    "m11": 17906923513249.0,
    "m12": 1.746389368402626e+16,
    "m20": 23031309802953.0,
    "m21": 2.2351706238195412e+16,
    "m30": 2.883315847492476e+16,
    "mu02": 68598373951.33594,
    "mu03": 326685948.0,
    "mu11": 6505242.87890625,
    "mu12": -172027889.09375,
    "mu20": 68603413037.1875,
    "mu21": -331879189.5703125,
    "mu30": 168149680.0,
    "nu02": 0.00031206396782804363,
    "nu03": 3.859603665870791e-10,
    "nu11": 2.9593294819447758e-08,
    "nu12": -2.0324090321088783e-10,
    "nu20": 0.0003120868913615691,
    "nu21": -3.9209587817710643e-10,
    "nu30": 1.986590256838964e-10
}