{
    "m00": 4101173.0,
    "m01": 3994568603.0,
    "m02": 3895984251511.0,
    "m03": 3804938597424977.0,
    "m10": 5196191891.0,
    "m11": 5061124266893.0,
    "m12": 4936218069500779.0,
    "m20": 6588831890349.0,
    "m21": 6417564938606469.0,
    "m30": 8361361485258641.0,
    "mu02": 5249009648.885742,
    "mu03": 3722915.5,
    "mu11": 295055.72265625,
    "mu12": 33244854.278320312,
    "mu20": 5249542544.077148,
    "mu21": -3415134.7412109375,
    "mu30": -32675781.0,
    "nu02": 0.0003120765901011877,
    "nu03": 1.0929818626897557e-10,
    "nu11": 1.754235369636841e-08,
    "nu12": 9.760098705965265e-10,
    "nu20": 0.00031210827305194213,
    "nu21": -1.0026228988504379e-10,
    "nu30": -9.593028899587576e-10
}