{
    "m00": 70047.0,
    "m01": 66649859.5,
    "m02": 63806712025.666664,
    "m03": 61452935797938.75,
    "m10": 86157991.0,
    "m11": 81979506912.41666,
    "m12": 78482434911498.42,
    "m20": 106366232994.5,
    "m21": 101207699857259.92,
    "m30": 131794279834041.5,
    "mu02": 389238452.640831,
    "mu03": 368460.5234375,
    "mu11": 7505.557479858398,
    "mu12": -38402.118713378906,
    "mu20": 391681434.03230286,
    "mu21": -371946.1496582031,
    "mu30": 50746.3125,
    "nu02": 0.07932985448136634,
    "nu03": 2.8373774639911753e-07,
    "nu11": 1.5296915775896253e-06,
    "nu12": -2.9572043482519133e-08,
    "nu20": 0.07982775328085874,
    "nu21": -2.864218975245223e-07,
    "nu30": 3.907784804864648e-08
}