{
    "m00": 8423734.0,
    "m01": 8010980717.0,
    "m02": 7640595219547.0,
    "m03": 7308331620634703.0,
    "m10": 10596973909.0,
    "m11": 10077736370863.0,
    "m12": 9611796915762548.0,
    "m20": 13353034857147.0,
    "m21": 1.2698756452974952e+16,
    "m30": 1.6853706116358568e+16,
    "mu02": 22143349135.86914,
    "mu03": 83092339.0,
    "mu11": 2002285.939453125,
    "mu12": 24821097.4921875,
    "mu20": 22146675252.041016,
    "mu21": -83066806.01171875,
    "mu30": -27115128.0,
    "nu02": 0.0003120570644203503,
    "nu03": 4.034589677662516e-10,
    "nu11": 2.8217387919145075e-08,
    "nu12": 1.20520068318494e-10,
    "nu20": 0.0003121039380004103,
    "nu21": -4.033349910769452e-10,
    "nu30": -1.3165884707770455e-10
}