{
    "m00": 1852754.0,
    "m01": 1788762204.0,
    "m02": 1728052775748.0,
    "m03": 1670438297845170.0,
    "m10": 2348370458.0,
    "m11": 2267261169207.0,
    "m12": 2190312265229961.0,
    "m20": 2977636262128.0,
    "m21": 2874793641057625.0,
    "m30": 3776875761741098.0,
    "mu02": 1072171491.3435059,
    "mu03": 14373563.5,
    "mu11": 477145.03759765625,
    "mu12": 8217146.598144531,
    "mu20": 1070669498.2553711,
    "mu21": -14215024.872314453,
    "mu30": -8000005.5,
    "nu02": 0.0003123408128487501,
    "nu03": 3.076238853327846e-09,
    "nu11": 1.3900002946660333e-07,
    "nu12": 1.7586387417916887e-09,
    "nu20": 0.00031190325808644863,
    "nu21": -3.0423083192442448e-09,
    "nu30": -1.7121660711302705e-09
}