{
    "m00": 2516964.0,
    "m01": 2460306740.0,
    "m02": 2406902371432.0,
    "m03": 2356588640853764.0,
    "m10": 3205356612.0,
    "m11": 3133204776148.0,
    "m12": 3065195434866664.0,
    "m20": 4084002353476.0,
    "m21": 3992073999004682.0,
    "m30": 5206017080698074.0,
    "mu02": 1977527497.2329102,
    "mu03": -1421647.0,
    "mu11": 1251343.0502929688,
    "mu12": -10155006.63671875,
    "mu20": 1976941077.5234375,
    "mu21": 952145.0573730469,
    "mu30": 10351972.0,
    "nu02": 0.00031215372599027415,
    "nu03": -1.4144879861534811e-10,
    "nu11": 1.9752513994751275e-07,
    "nu12": -1.0103868883729604e-09,
    "nu20": 0.0003120611593394629,
    "nu21": 9.473503230616263e-11,
    "nu30": 1.0299842384922014e-09
}