{
    "m00": 25965070.0,
    "m01": 24731666478.0,
    "m02": 23767239814380.0,
    "m03": 2.3039025510702936e+16,
    "m10": 32599117095.0,
    "m11": 31050584104823.0,
    "m12": 2.983975092540659e+16,
    "m20": 41138557873673.0,
    "m21": 3.918438619268248e+16,
    "m30": 5.217773323068437e+16,
    "mu02": 210387212826.10938,
    "mu03": 353074188.0,
    "mu11": 3787850.6875,
    "mu12": 17989838.4375,
    "mu20": 210401878964.6797,
    "mu21": -357354068.75,
    "mu30": -17177296.0,
    "nu02": 0.0003120616099171585,
    "nu03": 1.027761215159326e-10,
    "nu11": 5.618415529103736e-09,
    "nu12": 5.2366496451575644e-12,
    "nu20": 0.0003120833638001632,
    "nu21": -1.0402194904732864e-10,
    "nu30": -5.000127228250237e-12
}