{
    "m00": 30316991.0,
    "m01": 27497448423.0,
    "m02": 25226964318395.0,
    "m03": 2.3401122091409584e+16,
    "m10": 35743764935.0,
    "m11": 32419522280338.0,
    "m12": 2.9742619364230864e+16,
    "m20": 42428764832533.0,
    "m21": 3.848280536848197e+16,
    "m30": 5.069989997763283e+16,
    "mu02": 286835208103.5078,
    "mu03": -496758256.0,
    "mu11": 1070466.00390625,
    "mu12": -590714886.5625,
    "mu20": 286827602399.0703,
    "mu21": 489886241.25,
    "mu30": 589514200.0,
    "nu02": 0.00031207592675609275,
    "nu03": -9.815893927325802e-11,
    "nu11": 1.16466410256506e-09,
    "nu12": -1.1672467639450352e-10,
    "nu20": 0.0003120676517703382,
    "nu21": 9.680103596640249e-11,
    "nu30": 1.164874219192107e-10
}