{
    "m00": 7100.0,
    "m01": 6908300.0,
    "m02": 6725787945.333333,
    "m03": 6551999111028.0,
    "m10": 9009900.0,
    "m11": 8766632700.0,
    "m12": 8535024902628.0,
    "m20": 11437575145.333332,
    "m21": 11128760616409.334,
    "m30": 14524465430484.0,
    "mu02": 4012045.3333330154,
    "mu03": 0.0009765625,
    "mu11": 0.0,
    "mu12": 0.00040340423583984375,
    "mu20": 4012045.333332062,
    "mu21": 0.001888275146484375,
    "mu30": 0.00390625,
    "nu02": 0.07958828274812568,
    "nu03": 2.2990804663359156e-13,
    "nu11": 0.0,
    "nu12": 9.497178098243089e-14,
    "nu20": 0.07958828274810677,
    "nu21": 4.445487620454212e-13,
    "nu30": 9.196321865343662e-13
}