{
    "m00": 10694892.0,
    "m01": 10288494427.0,
    "m02": 9933232985283.0,
    "m03": 9624452068575232.0,
    "m10": 13454103325.0,
    "m11": 12942860791497.0,
    "m12": 1.2495946933257512e+16,
    "m20": 16960870982283.0,
    "m21": 1.6316378272229076e+16,
    "m30": 2.142647930703755e+16,
    "mu02": 35693339776.52344,
    "mu03": 165188056.0,
    "mu11": 2922568.107421875,
    "mu12": -17206977.109375,
    "mu20": 35698079202.1582,
    "mu21": -165192381.9765625,
    "mu30": 14884860.0,
    "nu02": 0.00031205732373967485,
    "nu03": 4.416087135091007e-10,
    "nu11": 2.5551231343413033e-08,
    "nu12": -4.6000608086650276e-11,
    "nu20": 0.00031209875927047437,
    "nu21": -4.4162027844297485e-10,
    "nu30": 3.9792730991174524e-11
}