{
    "m00": 3312929.0,
    "m01": 3238370784.0,
    "m02": 3168889444340.0,
    "m03": 3104217757155558.0,
    "m10": 4210711599.0,
    "m11": 4115950039720.0,
    "m12": 4027641100462932.0,
    "m20": 5355239721005.0,
    "m21": 5234722524404256.0,
    "m30": 6815250851987457.0,
    "mu02": 3398926835.769043,
    "mu03": 19618633.5,
    "mu11": 1457045.4169921875,
    "mu12": 8203568.0947265625,
    "mu20": 3452172900.8496094,
    "mu21": -19971122.275390625,
    "mu30": -8387757.0,
    "nu02": 0.00030968313808115783,
    "nu03": 9.82060928233505e-10,
    "nu11": 1.3275437185420202e-07,
    "nu12": 4.106506040766771e-10,
    "nu20": 0.00031453449538343777,
    "nu21": -9.997056563411996e-10,
    "nu30": -4.198706512977613e-10
}