{
    "m00": 17856050.0,
    "m01": 16989974027.0,
    "m02": 16265075627185.0,
    "m03": 1.5664887098940128e+16,
    "m10": 21962897888.0,
    "m11": 20897628024002.0,
    "m12": 2.000600627680504e+16,
    "m20": 27114144491810.0,
    "m21": 2.579902469991337e+16,
    "m30": 3.359592180060287e+16,
    "mu02": 99170097231.0293,
    "mu03": 4342812.0,
    "mu11": 1467469.4453125,
    "mu12": 188952621.234375,
    "mu20": 99833732223.48047,
    "mu21": -8235419.578125,
    "mu30": -193752272.0,
    "nu02": 0.0003110354944960694,
    "nu03": 3.223350600181737e-12,
    "nu11": 4.60254751507728e-09,
    "nu12": 1.4024566227175734e-10,
    "nu20": 0.00031311690858968553,
    "nu21": -6.112547501457038e-12,
    "nu30": -1.438080907572732e-10
}