{
    "m00": 7779006.0,
    "m01": 7475621624.0,
    "m02": 7202953510716.0,
    "m03": 6958330815121970.0,
    "m10": 9801512432.0,
    "m11": 9419251080822.0,
    "m12": 9075692026039388.0,
    "m20": 12368747169576.0,
    "m21": 1.1886364966594492e+16,
    "m30": 1.563215747144644e+16,
    "mu02": 18884149512.73047,
    "mu03": 80543325.0,
    "mu11": 1592575.810546875,
    "mu12": 68302209.265625,
    "mu20": 18885766377.36914,
    "mu21": -80813154.30859375,
    "mu30": -68827376.0,
    "nu02": 0.0003120679854015933,
    "nu03": 4.772207160998174e-10,
    "nu11": 2.6317940580889443e-08,
    "nu12": 4.04691875049126e-10,
    "nu20": 0.0003120947047245958,
    "nu21": -4.788194598302486e-10,
    "nu30": -4.0780349783165005e-10
}