{
    "m00": 1813216.0,
    "m01": 1764250720.0,
    "m02": 1717634343462.0,
    "m03": 1673247989382760.0,
    "m10": 2300957888.0,
    "m11": 2238822003973.0,
    "m12": 2179666820070171.0,
    "m20": 2920924577426.0,
    "m21": 2842047782924093.0,
    "m30": 3709235438762648.0,
    "mu02": 1026612766.6398926,
    "mu03": -3010298.5,
    "mu11": 699399.4252929688,
    "mu12": -3474552.4509277344,
    "mu20": 1025788561.6723633,
    "mu21": 2975777.9252929688,
    "mu30": 3356043.5,
    "nu02": 0.0003122536872077298,
    "nu03": -6.799636641721488e-10,
    "nu11": 2.1272874882852674e-07,
    "nu12": -7.848289516442116e-10,
    "nu20": 0.00031200299770873954,
    "nu21": 6.721661861256623e-10,
    "nu30": 7.580602506300032e-10
}