{
    "m00": 13288447.0,
    "m01": 12650569885.0,
    "m02": 12098203495375.0,
    "m03": 1.162197339118219e+16,
    "m10": 16789862965.0,
    "m11": 15983913546577.0,
    "m12": 1.5286005830739528e+16,
    "m20": 21269202778487.0,
    "m21": 2.0248240404761884e+16,
    "m30": 2.7013298115054996e+16,
    "mu02": 54891104147.57617,
    "mu03": 86148114.0,
    "mu11": 4004829.51171875,
    "mu12": -136457503.2421875,
    "mu20": 55324408540.640625,
    "mu21": -87792540.8515625,
    "mu30": 135115876.0,
    "nu02": 0.0003108518881179234,
    "nu03": 1.3383207224802354e-10,
    "nu11": 2.2679609649701792e-08,
    "nu12": -2.1198827907820874e-10,
    "nu20": 0.0003133057190401754,
    "nu21": -1.3638670801410544e-10,
    "nu30": 2.099040459398448e-10
}