{
    "m00": 10858.0,
    "m01": 10581121.0,
    "m02": 10320762452.666666,
    "m03": 10076020624510.5,
    "m10": 13800518.0,
    "m11": 13448604791.0,
    "m12": 13117689077339.334,
    "m20": 17549764240.333332,
    "m21": 17102245252204.834,
    "m30": 22329405851515.0,
    "mu02": 9460038.16666603,
    "mu03": 0.001953125,
    "mu11": 0.0,
    "mu12": 0.0014591217041015625,
    "mu20": 9305862.333332062,
    "mu21": 0.0018901824951171875,
    "mu30": 0.00390625,
    "nu02": 0.08024042382469738,
    "nu03": 1.5898474173867337e-13,
    "nu11": 0.0,
    "nu12": 1.187727806934425e-13,
    "nu20": 0.0789326982117252,
    "nu21": 1.5386121002248565e-13,
    "nu30": 3.1796948347734673e-13
}