{
    "m00": 32217618.0,
    "m01": 30413295173.0,
    "m02": 29033941831973.0,
    "m03": 2.8019475909257988e+16,
    "m10": 39949817015.0,
    "m11": 37712472617844.0,
    "m12": 3.6002088357785464e+16,
    "m20": 49861662317781.0,
    "m21": 4.7069234010669496e+16,
    "m30": 6.2631750745764536e+16,
    "mu02": 323919778821.0547,
    "mu03": -225284996.0,
    "mu11": 14267120.09375,
    "mu12": -40920630.1875,
    "mu20": 323925557354.34375,
    "mu21": 219865993.0,
    "mu30": 32702896.0,
    "nu02": 0.00031206898724341845,
    "nu03": -3.8238310820518e-11,
    "nu11": 1.3745149292030166e-08,
    "nu12": -6.9455836112632055e-12,
    "nu20": 0.0003120745543657406,
    "nu21": 3.731852688137223e-11,
    "nu30": 5.5507624750077664e-12
}