{
    "m00": 53159.0,
    "m01": 50102357.5,
    "m02": 47446351550.33333,
    "m03": 45142084394598.75,
    "m10": 62328927.5,
    "m11": 58745014168.75,
    "m12": 55630847192765.836,
    "m20": 73305547100.33333,
    "m21": 69090478142064.164,
    "m30": 86478096652578.75,
    "mu02": 224879606.58332825,
    "mu03": 0.015625,
    "mu11": 0.0,
    "mu12": 0.008575439453125,
    "mu20": 224879606.58332825,
    "mu21": 0.002197265625,
    "mu30": 0.015625,
    "nu02": 0.07957863171839018,
    "nu03": 2.3981592520710318e-14,
    "nu11": 0.0,
    "nu12": 1.3161772457655468e-14,
    "nu20": 0.07957863171839018,
    "nu21": 3.3724114482248887e-15,
    "nu30": 2.3981592520710318e-14
}