{
    "m00": 3259286.0,
    "m01": 2962431682.0,
    "m02": 2695113393600.0,
    "m03": 2454190497967768.0,
    "m10": 5059816483.0,
    "m11": 4579673058893.0,
    "m12": 4148897881774023.0,
    "m20": 8306585453217.0,
    "m21": 7488835079852013.0,
    "m30": 1.4327053040691688e+16,
    "mu02": 2498670462.0649414,
    "mu03": 4647182481.5,
    "mu11": -19297591226.385742,
    "mu12": 368263184.9892578,
    "mu20": 451569710002.5381,
    "mu21": -1273911967497.6875,
    "mu30": 29591045204288.0,
    "nu02": 0.00023521447282402348,
    "nu03": 2.423168129795569e-07,
    "nu11": -0.0018165951917231457,
    "nu12": 1.920225032684634e-08,
    "nu20": 0.04250889939034449,
    "nu21": -6.642525642352625e-05,
    "nu30": 0.0015429580816294162
}