{
    "m00": 10345912.0,
    "m01": 9436919084.0,
    "m02": 8633069787924.0,
    "m03": 7920631053178004.0,
    "m10": 15776202314.0,
    "m11": 14294259080122.0,
    "m12": 1.2989480971300078e+16,
    "m20": 25151101556114.0,
    "m21": 2.265246981202209e+16,
    "m30": 4.165170469598653e+16,
    "mu02": 25279406760.560547,
    "mu03": -53026422295.0,
    "mu11": -95844439996.04883,
    "mu12": -7351757578.03125,
    "mu20": 1094395926657.75,
    "mu21": 3447888540145.375,
    "mu30": -38161762413176.0,
    "nu02": 0.00023617249511651632,
    "nu03": -1.5401760862059693e-07,
    "nu11": -0.0008954253061122925,
    "nu12": -2.1353507785749523e-08,
    "nu20": 0.010224378249546454,
    "nu21": 1.0014546046294819e-05,
    "nu30": -0.00011084254100580647
}