{
    "m00": 59832837.0,
    "m01": 55334520244.0,
    "m02": 51842722051396.0,
    "m03": 4.917342077686538e+16,
    "m10": 91172336226.0,
    "m11": 83635772218559.0,
    "m12": 7.774840701811885e+16,
    "m20": 144146040356310.0,
    "m21": 1.3127773538694128e+17,
    "m30": 2.352694380649121e+17,
    "mu02": 668328789153.625,
    "mu03": -7858370623088.0,
    "mu11": -682099664908.1406,
    "mu12": 12919223876859.125,
    "mu20": 5219067983149.875,
    "mu21": 47542370832358.0,
    "mu30": -283499177629920.0,
    "nu02": 0.00018668566801869152,
    "nu03": -2.8378113315625534e-07,
    "nu11": -0.00019053231532935108,
    "nu12": 4.665384425243311e-07,
    "nu20": 0.0014578530936893948,
    "nu21": 1.7168479974847292e-06,
    "nu30": -1.0237709791940452e-05
}