{
    "m00": 3533050.0,
    "m01": 3156267829.0,
    "m02": 2822015471673.0,
    "m03": 2525254893574327.0,
    "m10": 5521155140.0,
    "m11": 4918333407851.0,
    "m12": 4384975199421065.0,
    "m20": 9111659833252.0,
    "m21": 8096517920393115.0,
    "m30": 1.5737463662786496e+16,
    "mu02": 2347873314.5356445,
    "mu03": -1663847793.5,
    "mu11": -14018058247.69336,
    "mu12": 11574778781.273438,
    "mu20": 483660206881.4658,
    "mu21": 383687424251.0,
    "mu30": -13123958890230.0,
    "nu02": 0.000188094065058519,
    "nu03": -7.091516798436467e-08,
    "nu11": -0.0011230220743648704,
    "nu12": 4.93330811185083e-07,
    "nu20": 0.03874724153818822,
    "nu21": 1.635321346732781e-05,
    "nu30": -0.0005593587063410416
}