{
    "m00": 22381866.0,
    "m01": 20192123352.0,
    "m02": 18319741410452.0,
    "m03": 1.6713677875649128e+16,
    "m10": 32858524945.0,
    "m11": 29429626056647.0,
    "m12": 2.650827118091601e+16,
    "m20": 50172267375587.0,
    "m21": 4.4631482681248744e+16,
    "m30": 7.936080331404798e+16,
    "mu02": 103125983374.39453,
    "mu03": 185645342084.0,
    "mu11": -214166326624.7539,
    "mu12": -275262494164.0625,
    "mu20": 1933096362714.914,
    "mu21": -3322679743995.5,
    "mu30": 27646319066032.0,
    "nu02": 0.00020586168361160572,
    "nu03": 7.833274195673948e-08,
    "nu11": -0.00042752213486123037,
    "nu12": -1.1614654956419918e-07,
    "nu20": 0.0038588768687637244,
    "nu21": -1.4019991671728385e-06,
    "nu30": 1.1665318144493412e-05
}