{
    "m00": 9166086.0,
    "m01": 8198811389.0,
    "m02": 7355658842845.0,
    "m03": 6618772557784703.0,
    "m10": 14291758026.0,
    "m11": 12689488344025.0,
    "m12": 1.1300653134181088e+16,
    "m20": 23361045976744.0,
    "m21": 2.0608280312453844e+16,
    "m30": 3.971793431807255e+16,
    "mu02": 22047943667.73828,
    "mu03": -104175164378.0,
    "mu11": -94095453072.36133,
    "mu12": 44067329399.703125,
    "mu20": 1077341953703.4766,
    "mu21": 5895508321825.75,
    "mu30": -66182627924072.0,
    "nu02": 0.0002624219965154305,
    "nu03": -4.0954759057189627e-07,
    "nu11": -0.0011199555400898792,
    "nu12": 1.7324348549238152e-07,
    "nu20": 0.012822884105713183,
    "nu21": 2.3177225040311034e-05,
    "nu30": -0.0002601861582446812
}