{
    "m00": 18403910.0,
    "m01": 16808760309.0,
    "m02": 15418053467635.0,
    "m03": 1.4202628130209216e+16,
    "m10": 27379675915.0,
    "m11": 24849538813118.0,
    "m12": 2.2650725595007064e+16,
    "m20": 42495978889835.0,
    "m21": 3.834437809296671e+16,
    "m30": 6.84786693942079e+16,
    "mu02": 66184048288.03711,
    "mu03": 31574546382.0,
    "mu11": -157017391152.46484,
    "mu12": -46539802099.25,
    "mu20": 1762968719146.7578,
    "mu21": -1090488982114.25,
    "mu30": 11416834756920.0,
    "nu02": 0.00019540385465159895,
    "nu03": 2.1730107159180484e-08,
    "nu11": -0.00046358305773319236,
    "nu12": -3.2029435183280584e-08,
    "nu20": 0.005205043998702267,
    "nu21": -7.50491935832122e-07,
    "nu30": 7.85724804040125e-06
}