{
    "m00": 5809.0,
    "m01": 5294903.5,
    "m02": 4828990198.333333,
    "m03": 4406520520466.75,
    "m10": 11440825.5,
    "m11": 10428312443.25,
    "m12": 9510696195617.5,
    "m20": 22535391480.333332,
    "m21": 20541009334323.832,
    "m30": 44394032327706.75,
    "mu02": 2685658.083333969,
    "mu03": 0.0,
    "mu11": 1.9073486328125e-06,
    "mu12": -0.001251220703125,
    "mu20": 2685658.0833358765,
    "mu21": -0.003619670867919922,
    "mu30": 0.0,
    "nu02": 0.07958806903368787,
    "nu03": 0.0,
    "nu11": 5.652327658595489e-14,
    "nu12": -4.86497351797205e-13,
    "nu20": 0.0795880690337444,
    "nu21": -1.4073938252639418e-12,
    "nu30": 0.0
}