{
    "m00": 15683248.0,
    "m01": 14343213508.0,
    "m02": 13169703638272.0,
    "m03": 1.213984458602768e+16,
    "m10": 22952289834.0,
    "m11": 20850154076344.0,
    "m12": 1.9015481569288464e+16,
    "m20": 35124903154184.0,
    "m21": 3.170269009958596e+16,
    "m30": 5.598186833809801e+16,
    "mu02": 52027138093.359375,
    "mu03": 245453208624.0,
    "mu11": -141007549523.28516,
    "mu12": -340418312476.90625,
    "mu20": 1534437159898.9062,
    "mu21": -8285400986534.0,
    "mu30": 85624751429552.0,
    "nu02": 0.00021152315558869395,
    "nu03": 2.519873205565985e-07,
    "nu11": -0.0005732846919904149,
    "nu12": -3.4948045254873465e-07,
    "nu20": 0.006238455583160305,
    "nu21": -8.5059633403772e-06,
    "nu30": 8.790413377365761e-05
}