{
    "m00": 5573357.0,
    "m01": 5041811536.0,
    "m02": 4568548231786.0,
    "m03": 4146557886359224.0,
    "m10": 8621130288.0,
    "m11": 7756805213703.0,
    "m12": 6990662025497517.0,
    "m20": 13997801381734.0,
    "m21": 1.2533023752542198e+16,
    "m30": 2.369359572963285e+16,
    "mu02": 7587294860.072266,
    "mu03": -3440915549.0,
    "mu11": -42105593445.618164,
    "mu12": -3133707364.546875,
    "mu20": 662232272726.4551,
    "mu21": 490690122771.375,
    "mu30": -7604617960440.0,
    "nu02": 0.0002442604972927874,
    "nu03": -4.692257718269242e-08,
    "nu11": -0.0013555204303390767,
    "nu12": -4.273328525126275e-08,
    "nu20": 0.021319480426513444,
    "nu21": 6.691371767382095e-06,
    "nu30": -0.00010370154922788977
}