{
    "m00": 53119333.0,
    "m01": 48921639745.0,
    "m02": 45520794657129.0,
    "m03": 4.277710500769754e+16,
    "m10": 80678970555.0,
    "m11": 74089147114257.0,
    "m12": 6.876247942208436e+16,
    "m20": 126942423730673.0,
    "m21": 1.1627898303454722e+17,
    "m30": 2.0587574857052026e+17,
    "mu02": 465130359921.7344,
    "mu03": -3209965897720.0,
    "mu11": -214262013436.17188,
    "mu12": 19019226189451.75,
    "mu20": 4405186867880.359,
    "mu21": 18889091669943.5,
    "mu30": -308993048002816.0,
    "nu02": 0.0001648426021024712,
    "nu03": -1.560877735141857e-07,
    "nu11": -7.593464299444203e-05,
    "nu12": 9.248287254337571e-07,
    "nu20": 0.0015612020384376158,
    "nu21": 9.185008054325482e-07,
    "nu30": -1.5025093234909025e-05
}