{
    "m00": 3546585.0,
    "m01": 3166254811.0,
    "m02": 2828773701375.0,
    "m03": 2529105428551201.0,
    "m10": 5911302629.0,
    "m11": 5285981224803.0,
    "m12": 4730266931744537.0,
    "m20": 10545221606697.0,
    "m21": 9442667493827832.0,
    "m30": 1.9855942677036516e+16,
    "mu02": 2063068983.3764648,
    "mu03": 1305740961.5,
    "mu11": 8597378554.228516,
    "mu12": 31959171561.52246,
    "mu20": 692504479764.3848,
    "mu21": -360675006629.875,
    "mu30": -28877032827072.0,
    "nu02": 0.00016401856351162532,
    "nu03": 5.5122777944392636e-08,
    "nu11": 0.0006835106784080315,
    "nu12": 1.3491790249490084e-06,
    "nu20": 0.055055643272977885,
    "nu21": -1.5226150428574834e-05,
    "nu30": -0.0012190643589759412
}