{
    "m00": 150815.0,
    "m01": 147421662.5,
    "m02": 145914687150.3333,
    "m03": 146170180260071.25,
    "m10": 193571052.5,
    "m11": 189215703818.75,
    "m12": 187281500957452.72,
    "m20": 250258457940.3333,
    "m21": 244627642636675.88,
    "m30": 325853031715667.25,
    "mu02": 1810012056.583313,
    "mu03": 0.0625,
    "mu11": 0.0,
    "mu12": -0.08837890625,
    "mu20": 1810012056.583313,
    "mu21": 0.0615234375,
    "mu30": 0.0625,
    "nu02": 0.07957788471774874,
    "nu03": 7.075687945447099e-15,
    "nu11": 0.0,
    "nu12": -1.0005464985358788e-14,
    "nu20": 0.07957788471774874,
    "nu21": 6.965130321299488e-15,
    "nu30": 7.075687945447099e-15
}