{
    "m00": 47772326.0,
    "m01": 44512635939.0,
    "m02": 41859993798507.0,
    "m03": 3.971773062243158e+16,
    "m10": 72616898429.0,
    "m11": 67367411619463.0,
    "m12": 6.309226579416725e+16,
    "m20": 114736681809643.0,
    "m21": 1.0603314808320734e+17,
    "m30": 1.8738793209273024e+17,
    "mu02": 384626695009.5781,
    "mu03": -2758609273488.0,
    "mu11": -294555746107.9844,
    "mu12": 11393145758579.5,
    "mu20": 4354492392119.078,
    "mu21": 20878618917093.0,
    "mu30": -257137409392544.0,
    "nu02": 0.0001685336585417908,
    "nu03": -1.7488365593861408e-07,
    "nu11": -0.00012906685412162887,
    "nu12": 7.222751703370452e-07,
    "nu20": 0.001908028078804949,
    "nu21": 1.3236123151843e-06,
    "nu30": -1.6301377170494688e-05
}