{
    "m00": 3114146.0,
    "m01": 2822275635.0,
    "m02": 2559354827697.0,
    "m03": 2322370468282047.0,
    "m10": 4897882718.0,
    "m11": 4444728425080.0,
    "m12": 4035977208434850.0,
    "m20": 8152412655054.0,
    "m21": 7407081611990330.0,
    "m30": 1.4249984948823784e+16,
    "mu02": 1594285990.0107422,
    "mu03": -994243642.0,
    "mu11": 5895095461.229492,
    "mu12": -23335014126.95215,
    "mu20": 449095238567.08203,
    "mu21": 202623277021.3125,
    "mu30": 15330353753072.0,
    "nu02": 0.00016439488107594118,
    "nu03": -5.809588852871436e-08,
    "nu11": 0.0006078730687921389,
    "nu12": -1.3635172730985258e-06,
    "nu20": 0.04630847840261673,
    "nu21": 1.1839733057254975e-05,
    "nu30": 0.000895786993369809
}