{
    "m00": 6375.0,
    "m01": 5785312.5,
    "m02": 5253405634.333333,
    "m03": 4773336304316.25,
    "m10": 7736062.5,
    "m11": 7020476718.75,
    "m12": 6375007737263.5,
    "m20": 9390946384.333332,
    "m21": 8522283843782.5,
    "m30": 11403763667384.25,
    "mu02": 3234540.5833330154,
    "mu03": 0.0009765625,
    "mu11": 0.0,
    "mu12": 0.0003857612609863281,
    "mu20": 3234540.583332062,
    "mu21": 0.0011539459228515625,
    "mu30": 0.00390625,
    "nu02": 0.07958884941688313,
    "nu03": 3.009536193219673e-13,
    "nu11": 0.0,
    "nu12": 1.1888255763255447e-13,
    "nu20": 0.07958884941685966,
    "nu21": 3.556190228316215e-13,
    "nu30": 1.2038144772878691e-12
}