{
    "m00": 9698.0,
    "m01": 8912462.0,
    "m02": 8198037702.333333,
    "m03": 7547754306969.0,
    "m10": 11540620.0,
    "m11": 10605829780.0,
    "m12": 9755664865776.666,
    "m20": 13740822924.333332,
    "m21": 12627816267462.334,
    "m30": 16369393875870.0,
    "mu02": 7485124.333333015,
    "mu03": 0.0009765625,
    "mu11": 0.0,
    "mu12": -0.0002727508544921875,
    "mu20": 7485124.333332062,
    "mu21": 0.001819610595703125,
    "mu30": 0.00390625,
    "nu02": 0.0795856301141346,
    "nu03": 1.0543737714870399e-13,
    "nu11": 0.0,
    "nu12": -2.9448329945829434e-14,
    "nu20": 0.07958563011412445,
    "nu21": 1.964594878903586e-13,
    "nu30": 4.2174950859481597e-13
}