{
    "m00": 34081913.0,
    "m01": 31054768907.0,
    "m02": 28507405675559.0,
    "m03": 2.635720663887166e+16,
    "m10": 53119345216.0,
    "m11": 48129198827712.0,
    "m12": 4.394365817118789e+16,
    "m20": 86333817043322.0,
    "m21": 7.78522517602166e+16,
    "m30": 1.4519677379178138e+17,
    "mu02": 210910937509.11328,
    "mu03": -2536613838168.0,
    "mu11": -272103944642.2422,
    "mu12": 8493115943478.0,
    "mu20": 3543134601976.0,
    "mu21": 34766268735867.5,
    "mu30": -405787058527744.0,
    "nu02": 0.00018157296069088005,
    "nu03": -3.740627381699041e-07,
    "nu11": -0.00023425394352639687,
    "nu12": 1.2524406189104133e-06,
    "nu20": 0.0030502801201539734,
    "nu21": 5.126821230574719e-06,
    "nu30": -5.983954512225838e-05
}