{
    "m00": 5035386.0,
    "m01": 4530142411.0,
    "m02": 4081369575241.0,
    "m03": 3682239529940377.0,
    "m10": 7793687754.0,
    "m11": 6978062054556.0,
    "m12": 6256589199727192.0,
    "m20": 12688830724618.0,
    "m21": 1.1312005725527924e+16,
    "m30": 2.1569302455882724e+16,
    "mu02": 5775318129.252441,
    "mu03": -2791691569.0,
    "mu11": -33617970071.05664,
    "mu12": 1979974283.7871094,
    "mu20": 625888815725.7012,
    "mu21": 421213778955.375,
    "mu30": -7742209215080.0,
    "nu02": 0.00022777726601085394,
    "nu03": -4.906654910926389e-08,
    "nu11": -0.0013258852828962986,
    "nu12": 3.479987062658203e-08,
    "nu20": 0.02468491606560638,
    "nu21": 7.4032198972523855e-06,
    "nu30": -0.00013607645374735816
}