{
    "m00": 81779430.0,
    "m01": 78184453093.0,
    "m02": 75828191056181.0,
    "m03": 7.455748688014413e+16,
    "m10": 128687836360.0,
    "m11": 122579078575624.0,
    "m12": 1.1847517913070747e+17,
    "m20": 209656556550172.0,
    "m21": 1.9903205392780646e+17,
    "m30": 3.522806085552228e+17,
    "mu02": 1080681744224.2344,
    "mu03": -3691512008368.0,
    "mu11": -451714198647.9531,
    "mu12": 15906585504240.0,
    "mu20": 7153809502190.1875,
    "mu21": 13511422892562.0,
    "mu30": -148665826691392.0,
    "nu02": 0.00016158820500868646,
    "nu03": -6.103712758595298e-08,
    "nu11": -6.754225925122566e-05,
    "nu12": 2.6300667224658275e-07,
    "nu20": 0.001069668514908438,
    "nu21": 2.2340397135147553e-07,
    "nu30": -2.4581079543732265e-06
}