{
    "m00": 3364879.0,
    "m01": 3045479988.0,
    "m02": 2759000709278.0,
    "m03": 2501821793554152.0,
    "m10": 5281952836.0,
    "m11": 4761253590308.0,
    "m12": 4295899295557688.0,
    "m20": 8740628735300.0,
    "m21": 7850427347884446.0,
    "m30": 1.5127718334650364e+16,
    "mu02": 2601933182.788086,
    "mu03": -624981713.0,
    "mu11": -19328908972.90918,
    "mu12": 391031490.7089844,
    "mu20": 449386832774.39844,
    "mu21": 153645691465.625,
    "mu30": -3544586990656.0,
    "nu02": 0.00022980381610054497,
    "nu03": -3.009148917076046e-08,
    "nu11": -0.001707137244114374,
    "nu12": 1.8827302660767167e-08,
    "nu20": 0.03969003115069811,
    "nu21": 7.397700708199533e-06,
    "nu30": -0.00017066403516376714
}