{
    "m00": 3400231.0,
    "m01": 3067980163.0,
    "m02": 2770087639961.0,
    "m03": 2502825112684639.0,
    "m10": 5509831717.0,
    "m11": 4964823717312.0,
    "m12": 4476812102284874.0,
    "m20": 9446296242737.0,
    "m21": 8502030740389016.0,
    "m30": 1.696844976740495e+16,
    "mu02": 1892690687.9926758,
    "mu03": -1137691511.0,
    "mu11": -6619225601.064453,
    "mu12": 27603864083.690918,
    "mu20": 518007091306.0625,
    "mu21": 223701919835.625,
    "mu30": -17386326974628.0,
    "nu02": 0.00016370532274534842,
    "nu03": -5.33646249190097e-08,
    "nu11": -0.0005725195723849424,
    "nu12": 1.2947884720056501e-06,
    "nu20": 0.04480421370729874,
    "nu21": 1.0492975407013039e-05,
    "nu30": -0.0008155240755068655
}