{
    "m00": 59141986.0,
    "m01": 55299722842.0,
    "m02": 52358150612424.0,
    "m03": 5.017135394576456e+16,
    "m10": 86407607566.0,
    "m11": 80104966131719.0,
    "m12": 7.521215851927925e+16,
    "m20": 131350887884518.0,
    "m21": 1.2082097615348024e+17,
    "m30": 2.067335593569311e+17,
    "mu02": 651071543384.6875,
    "mu03": -2804378673720.0,
    "mu11": -689019207902.5312,
    "mu12": 4379927937947.625,
    "mu20": 5107669652383.234,
    "mu21": 16871055949275.0,
    "mu30": -97489630346560.0,
    "nu02": 0.00018613879822472064,
    "nu03": -1.0425500068450967e-07,
    "nu11": -0.00019698788653238272,
    "nu12": 1.6282729377738247e-07,
    "nu20": 0.0014602627015165783,
    "nu21": 6.271948813556271e-07,
    "nu30": -3.6242543040847554e-06
}