{
    "m00": 3365313.0,
    "m01": 3051130602.0,
    "m02": 2768137295210.0,
    "m03": 2513072687881776.0,
    "m10": 5530666932.0,
    "m11": 5006745404778.0,
    "m12": 4535538654675652.0,
    "m20": 9658489895242.0,
    "m21": 8732263585229732.0,
    "m30": 1.7713571212696064e+16,
    "mu02": 1857323492.3969727,
    "mu03": -1812185133.5,
    "mu11": -7583760353.044922,
    "mu12": 41565617056.760254,
    "mu20": 569208537841.2793,
    "mu21": 407860882234.125,
    "mu30": -30423581242196.0,
    "nu02": 0.00016399727265999206,
    "nu03": -8.722458370464198e-08,
    "nu11": -0.0006696281070570347,
    "nu12": 2.0006474930076336e-06,
    "nu20": 0.05025976797411871,
    "nu21": 1.963127000913539e-05,
    "nu30": -0.0014643560194811081
}