{
    "m00": 33698.0,
    "m01": 31709818.0,
    "m02": 29929305839.666664,
    "m03": 28333547680463.0,
    "m10": 39864734.0,
    "m11": 37512714694.0,
    "m12": 35406368808325.664,
    "m20": 47250347423.666664,
    "m21": 44462576925670.336,
    "m30": 56110969564741.0,
    "mu02": 90367101.66666412,
    "mu03": 0.0078125,
    "mu11": 0.0,
    "mu12": 0.000396728515625,
    "mu20": 90367101.66666412,
    "mu21": 0.0050048828125,
    "mu30": 0.0078125,
    "nu02": 0.07957966406947498,
    "nu03": 3.7478285521300366e-14,
    "nu11": 0.0,
    "nu12": 1.903194186628534e-15,
    "nu20": 0.07957966406947498,
    "nu21": 2.4009526662083047e-14,
    "nu30": 3.7478285521300366e-14
}