{
    "s2": 0.11235507353514784,
    "p": 0.29531603724988825,
    "mean_loss": 0.0009635049745045697
}