{
    "s2": 0.5731970705480597,
    "p": 0.09681104942226698,
    "mean_loss": 0.0005802439343794763
}