{
    "s2": 0.10508500031406959,
    "p": 0.18001840210352174,
    "mean_loss": 0.000332349870377034
}