{
    "s2": 0.058528085198199915,
    "p": 0.3488826361964155,
    "mean_loss": 0.0006787999540821909
}