{
    "s2": 0.17708867647680243,
    "p": 0.013432224910376355,
    "mean_loss": 3.3841557331984495e-05
}