{
    "s2": 0.17606185694948306,
    "p": 0.06399118083687057,
    "mean_loss": 0.00010557304229881553
}