{
    "s2": 0.06947593631811771,
    "p": 0.08497857113631732,
    "mean_loss": 8.114801822837355e-05
}