{
    "s2": 0.09145301555587636,
    "p": 0.20518999120218856,
    "mean_loss": 0.0003782067502112552
}