{
    "s2": 0.1150037554409194,
    "p": 0.227375489255606,
    "mean_loss": 0.0005741730118101085
}