{
    "s2": 0.14947793309469726,
    "p": 0.0833391511613379,
    "mean_loss": 0.00014979953554422696
}