{
    "s2": 0.07357799062964773,
    "p": 0.18687318072701858,
    "mean_loss": 0.000333507671723553
}