{
    "s2": 0.149263158461668,
    "p": 0.20783728546297126,
    "mean_loss": 0.0006399265200868572
}