{
    "s2": 0.1503207733344015,
    "p": 0.1085300691039224,
    "mean_loss": 0.00017325581217086282
}