{
    "s2": 0.27970809121220913,
    "p": 0.07125416226075823,
    "mean_loss": 0.00022648987610276718
}