{
    "s2": 0.020749793154745975,
    "p": 0.0845948110721224,
    "mean_loss": 6.422991460391673e-05
}