{
    "s2": 0.09220159840643391,
    "p": 0.27728211549431975,
    "mean_loss": 0.0006914342265910597
}