{
    "s2": 0.06656576131738623,
    "p": 0.16032028058552594,
    "mean_loss": 0.00018686627864891272
}