{
    "s2": 0.21392518417985062,
    "p": 0.21009471683623362,
    "mean_loss": 0.0009943271337681775
}