{
    "s2": 0.09169245127253974,
    "p": 0.21827710177424423,
    "mean_loss": 0.0004379301577711081
}