{
    "s2": 0.09780346828080308,
    "p": 0.039575129840813905,
    "mean_loss": 6.551828650442726e-05
}