{
    "m00": 24684999.0,
    "m01": 25499586227.0,
    "m02": 26531213063859.0,
    "m03": 2.7799591951643584e+16,
    "m10": 30337908205.0,
    "m11": 31339036675385.0,
    "m12": 3.260690709805923e+16,
    "m20": 37475507368727.0,
    "m21": 3.8712170382389576e+16,
    "m30": 4.652488884104331e+16,
    "mu02": 190158816775.2539,
    "mu03": 81327888.0,
    "mu11": -697888.0625,
    "mu12": -72847982.5,
    "mu20": 190163575316.02344,
    "mu21": -82130200.21875,
    "mu30": 74712592.0,
    "nu02": 0.0003120687191849407,
    "nu03": 2.686313591211672e-11,
    "nu11": -1.1453007412022168e-09,
    "nu12": -2.40621673935637e-11,
    "nu20": 0.00031207652840329995,
    "nu21": -2.7128144910951577e-11,
    "nu30": 2.4678060166059206e-11
}