{
    "m00": 92084407.0,
    "m01": 96090155537.0,
    "m02": 102916353432501.0,
    "m03": 1.1291591452923496e+17,
    "m10": 113217962600.0,
    "m11": 118143049830878.0,
    "m12": 1.2653588762832914e+17,
    "m20": 141847928412968.0,
    "m21": 1.4801846119499872e+17,
    "m30": 1.809093683069716e+17,
    "mu02": 2646195954863.6562,
    "mu03": -1521550288.0,
    "mu11": 11392065.578125,
    "mu12": 1447512600.5,
    "mu20": 2646216929991.3125,
    "mu21": 1529224416.0,
    "mu30": -1427791168.0,
    "nu02": 0.00031206841115044283,
    "nu03": -1.8699115809081113e-11,
    "nu11": 1.3434771518537425e-09,
    "nu12": 1.7789228502879204e-11,
    "nu20": 0.0003120708847672395,
    "nu21": 1.879342712388776e-11,
    "nu30": -1.754686165299795e-11
}