{
    "m00": 12225315.0,
    "m01": 11968588002.0,
    "m02": 11763894221978.0,
    "m03": 1.1608182053793796e+16,
    "m10": 14865991697.0,
    "m11": 14553811688422.0,
    "m12": 1.4304904094111796e+16,
    "m20": 18123699422375.0,
    "m21": 1.7743109069914908e+16,
    "m30": 2.2151867161382284e+16,
    "mu02": 46642047975.25586,
    "mu03": 2571906.0,
    "mu11": 202783.73046875,
    "mu12": -7122492.0703125,
    "mu20": 46642991904.87109,
    "mu21": -2338385.578125,
    "mu30": 7635116.0,
    "nu02": 0.00031207393364110654,
    "nu03": 4.921584504938911e-12,
    "nu11": 1.3567911185926776e-09,
    "nu12": -1.3629559793320698e-11,
    "nu20": 0.0003120802493120707,
    "nu21": -4.474721170941946e-12,
    "nu30": 1.461051399196205e-11
}