{
    "m00": 17084660.0,
    "m01": 17076111689.0,
    "m02": 17158656442445.0,
    "m03": 1.7332157581848812e+16,
    "m10": 20988526928.0,
    "m11": 20978025222579.0,
    "m12": 2.1079431423475056e+16,
    "m20": 25875523874388.0,
    "m21": 2.5862576769590464e+16,
    "m30": 3.2011926355818544e+16,
    "mu02": 91088787296.90625,
    "mu03": 52499952.0,
    "mu11": -94290.7578125,
    "mu12": -41378127.21875,
    "mu20": 91091371348.36719,
    "mu21": -52680929.84375,
    "mu30": 42119196.0,
    "nu02": 0.0003120701569859075,
    "nu03": 4.351540755786314e-11,
    "nu11": -3.230401069777604e-10,
    "nu12": -3.429690887917414e-11,
    "nu20": 0.00031207900994541005,
    "nu21": -4.36654138784351e-11,
    "nu30": 3.4911155346380486e-11
}