{
    "m00": 12928963.0,
    "m01": 13090573308.0,
    "m02": 13306369369820.0,
    "m03": 1.3578332634109046e+16,
    "m10": 15831528304.0,
    "m11": 16029420769943.0,
    "m12": 1.6293663752015704e+16,
    "m20": 19437889047360.0,
    "m21": 1.9680861228593536e+16,
    "m30": 2.3929470929221612e+16,
    "mu02": 52165646588.51758,
    "mu03": 6766320.0,
    "mu11": 479917.50390625,
    "mu12": -6367275.984375,
    "mu20": 52166585291.453125,
    "mu21": -6982081.953125,
    "mu30": 6733800.0,
    "nu02": 0.00031207372841641107,
    "nu03": 1.1257534888362241e-11,
    "nu11": 2.8710397468606754e-09,
    "nu12": -1.0593621279799447e-11,
    "nu20": 0.00031207934407622036,
    "nu21": -1.161651106963742e-11,
    "nu30": 1.1203429401987144e-11
}