{
    "m00": 38962626.0,
    "m01": 40988665119.0,
    "m02": 43593804016893.0,
    "m03": 4.685742469455056e+16,
    "m10": 48079954070.0,
    "m11": 50580091751129.0,
    "m12": 5.379483975838114e+16,
    "m20": 59804509402260.0,
    "m21": 6.291432119207997e+16,
    "m30": 7.496810742114864e+16,
    "mu02": 473746651213.1953,
    "mu03": -156315368.0,
    "mu11": 1581843.921875,
    "mu12": -59246619.25,
    "mu20": 473755274617.02344,
    "mu21": 155164017.1875,
    "mu30": 62893120.0,
    "nu02": 0.0003120683420144035,
    "nu03": -1.649609420266502e-11,
    "nu11": 1.0419987323624237e-09,
    "nu12": -6.2523462973738235e-12,
    "nu20": 0.0003120740224584304,
    "nu21": 1.6374591168725866e-11,
    "nu30": 6.637164633867063e-12
}