{
    "m00": 18638292.0,
    "m01": 18526461091.0,
    "m02": 18523710177855.0,
    "m03": 1.8628083870513984e+16,
    "m10": 22869207736.0,
    "m11": 22731991060070.0,
    "m12": 2.2728615640428116e+16,
    "m20": 28168957999836.0,
    "m21": 2.799994246070744e+16,
    "m30": 3.4829388629299404e+16,
    "mu02": 108409003458.92969,
    "mu03": 18196228.0,
    "mu11": -9873.54296875,
    "mu12": -35996522.125,
    "mu20": 108411332130.49219,
    "mu21": -18269420.78125,
    "mu30": 37481768.0,
    "nu02": 0.00031207079651071926,
    "nu03": 1.2132941159625617e-11,
    "nu11": -2.8422403309038268e-11,
    "nu12": -2.4001880219009497e-11,
    "nu20": 0.0003120774999243301,
    "nu21": -1.2181744884673226e-11,
    "nu30": 2.499221738168693e-11
}