{
    "m00": 21425017.0,
    "m01": 21660680352.0,
    "m02": 22042185078876.0,
    "m03": 2.257428675931547e+16,
    "m10": 26309960695.0,
    "m11": 26599355441885.0,
    "m12": 2.706784357497588e+16,
    "m20": 32451934212319.0,
    "m21": 3.280888677631335e+16,
    "m30": 4.020286694146539e+16,
    "mu02": 143249208182.46484,
    "mu03": 79804700.0,
    "mu11": -287358.0,
    "mu12": -86870615.375,
    "mu20": 143253581052.9961,
    "mu21": -80412100.3125,
    "mu30": 88352352.0,
    "nu02": 0.000312068461349619,
    "nu03": 3.7559995482802e-11,
    "nu11": -6.260095260162213e-10,
    "nu12": -4.0885560888935497e-11,
    "nu20": 0.00031207798764994334,
    "nu21": -3.784586778097182e-11,
    "nu30": 4.158293862410275e-11
}