{
    "m00": 24684906.0,
    "m01": 25227964066.0,
    "m02": 25973126058290.0,
    "m03": 2.693320501168989e+16,
    "m10": 30239060485.0,
    "m11": 30904306771112.0,
    "m12": 3.1817130647689056e+16,
    "m20": 37233073779165.0,
    "m21": 3.8052184092935064e+16,
    "m30": 4.607649113753438e+16,
    "mu02": 190156865886.0586,
    "mu03": 79121716.0,
    "mu11": -958687.76171875,
    "mu12": -91625087.8125,
    "mu20": 190162657061.1328,
    "mu21": -79363066.0625,
    "mu30": 93640680.0,
    "nu02": 0.0003120678689984816,
    "nu03": 2.6134668954318988e-11,
    "nu11": -1.5733097274213571e-09,
    "nu12": -3.026465373792063e-11,
    "nu20": 0.0003120773729396408,
    "nu21": -2.6214389217028427e-11,
    "nu30": 3.093042335504097e-11
}