{
    "m00": 62375868.0,
    "m01": 64527868083.0,
    "m02": 67968293280283.0,
    "m03": 7.282537385618882e+16,
    "m10": 76691249262.0,
    "m11": 79337144872901.0,
    "m12": 8.356716265575275e+16,
    "m20": 95506231555532.0,
    "m21": 9.880126544290786e+16,
    "m30": 1.2041080095078309e+17,
    "mu02": 1214179985425.9219,
    "mu03": -765835232.0,
    "mu11": 7384107.9375,
    "mu12": 514900636.0,
    "mu20": 1214193593571.8594,
    "mu21": 769320553.75,
    "mu30": -504893328.0,
    "nu02": 0.000312068451062019,
    "nu03": -2.492262808518908e-11,
    "nu11": 1.89786288210149e-09,
    "nu12": 1.6756446446505767e-11,
    "nu20": 0.0003120719486266927,
    "nu21": 2.5036051148144312e-11,
    "nu30": -1.643077794106681e-11
}