{
    "m00": 13546811.0,
    "m01": 13756774240.0,
    "m02": 14027262232368.0,
    "m03": 1.436098835118286e+16,
    "m10": 16547440330.0,
    "m11": 16803911277764.0,
    "m12": 1.7134313266860704e+16,
    "m20": 20269982915026.0,
    "m21": 2.058415085781368e+16,
    "m30": 2.4899714484439056e+16,
    "mu02": 57270513259.52539,
    "mu03": 13853474.0,
    "mu11": 684364.482421875,
    "mu12": -12675522.765625,
    "mu20": 57271489812.30859,
    "mu21": -14272054.984375,
    "mu30": 13109164.0,
    "nu02": 0.0003120735288088345,
    "nu03": 2.0510016730447545e-11,
    "nu11": 3.729179762245351e-09,
    "nu12": -1.876606430922218e-11,
    "nu20": 0.00031207885015582055,
    "nu21": -2.1129724320946392e-11,
    "nu30": 1.9408068543831002e-11
}