{
    "m00": 144384265.0,
    "m01": 150737253329.0,
    "m02": 163875405413429.0,
    "m03": 1.8466977253715203e+17,
    "m10": 178170468381.0,
    "m11": 186010084603515.0,
    "m12": 2.0222261129226138e+17,
    "m20": 226368381362217.0,
    "m21": 2.3632875859158928e+17,
    "m30": 2.953950487931508e+17,
    "mu02": 6505628719471.9375,
    "mu03": -2309155104.0,
    "mu11": 16068045.5625,
    "mu12": 3567361327.0,
    "mu20": 6505671231684.969,
    "mu21": 2319050895.0,
    "mu30": -3534187328.0,
    "nu02": 0.0003120682182756916,
    "nu03": -9.218355217933851e-12,
    "nu11": 7.707673717766392e-10,
    "nu12": 1.4241227817932614e-11,
    "nu20": 0.0003120702575421711,
    "nu21": 9.257860107164728e-12,
    "nu30": -1.4108794225121264e-11
}