{
    "m00": 12725788.0,
    "m01": 12554001479.0,
    "m02": 12435072884477.0,
    "m03": 1.2366924212880382e+16,
    "m10": 15493669162.0,
    "m11": 15284519344148.0,
    "m12": 1.5139724134806428e+16,
    "m20": 18914109185658.0,
    "m21": 1.865878738124984e+16,
    "m30": 2.315102577822635e+16,
    "mu02": 50538965262.39453,
    "mu03": -10004640.0,
    "mu11": 572117.166015625,
    "mu12": 5961658.984375,
    "mu20": 50539864724.01953,
    "mu21": 10353337.0625,
    "mu30": -5291552.0,
    "nu02": 0.00031207356190942394,
    "nu03": -1.7317681813734482e-11,
    "nu11": 3.532772008707366e-09,
    "nu12": 1.0319423125009766e-11,
    "nu20": 0.0003120791160040054,
    "nu21": 1.792126422926956e-11,
    "nu30": -9.159491379682859e-12
}