{
    "m00": 40478711.0,
    "m01": 41834748827.0,
    "m02": 43748685643543.0,
    "m03": 4.627354642703922e+16,
    "m10": 49788902456.0,
    "m11": 51456833325809.0,
    "m12": 5.3810981177326984e+16,
    "m20": 61750662069482.0,
    "m21": 6.381931450444371e+16,
    "m30": 7.720855237291998e+16,
    "mu02": 512471688553.72656,
    "mu03": -281308032.0,
    "mu11": 1397075.8125,
    "mu12": -80875667.625,
    "mu20": 510203899431.0078,
    "mu21": 280345064.6875,
    "mu30": 86417056.0,
    "nu02": 0.0003127638345212917,
    "nu03": -2.6984566548248947e-11,
    "nu11": 8.526418102580503e-10,
    "nu12": -7.758025320659437e-12,
    "nu20": 0.0003113797923629651,
    "nu21": 2.6892193588461063e-11,
    "nu30": 8.289584843904335e-12
}