{
    "m00": 54169578.0,
    "m01": 55605103738.0,
    "m02": 57994387709978.0,
    "m03": 6.1411238587118424e+16,
    "m10": 65518225557.0,
    "m11": 67254500802594.0,
    "m12": 7.014434919564933e+16,
    "m20": 80160167756399.0,
    "m21": 8.228446880326166e+16,
    "m30": 9.91690509187412e+16,
    "mu02": 915715955995.6875,
    "mu03": -508938096.0,
    "mu11": 3659812.71875,
    "mu12": 239654529.25,
    "mu20": 915727636560.3594,
    "mu21": 511503524.5,
    "mu30": -230828192.0,
    "nu02": 0.0003120684594832693,
    "nu03": -2.3565482157232357e-11,
    "nu11": 1.2472340463869416e-09,
    "nu12": 1.109678088028371e-11,
    "nu20": 0.00031207244012355315,
    "nu21": 2.3684269805509338e-11,
    "nu30": -1.0688092879496694e-11
}