{
    "m00": 44726749.0,
    "m01": 46381621495.0,
    "m02": 48723333252245.0,
    "m03": 5.182359148175882e+16,
    "m10": 54768007397.0,
    "m11": 56794404317992.0,
    "m12": 5.966183760002963e+16,
    "m20": 67686528968709.0,
    "m21": 7.019090892885859e+16,
    "m30": 8.440798574216973e+16,
    "mu02": 625609616989.375,
    "mu03": -208261872.0,
    "mu11": 1730783.75,
    "mu12": -29138627.25,
    "mu20": 622977485504.9141,
    "mu21": 206202087.5,
    "mu30": 35359136.0,
    "nu02": 0.00031272942880158417,
    "nu03": -1.556651652862356e-11,
    "nu11": 8.651833328926534e-10,
    "nu12": -2.177964302119237e-12,
    "nu20": 0.0003114136802048357,
    "nu21": 1.5412558105237005e-11,
    "nu30": 2.6429157180621536e-12
}