{
    "m00": 66464011.0,
    "m01": 67760098656.0,
    "m02": 70460012108258.0,
    "m03": 7.464489106616501e+16,
    "m10": 81850566805.0,
    "m11": 83446708968459.0,
    "m12": 8.677166655008851e+16,
    "m20": 102177707770289.0,
    "m21": 1.0417025314185606e+17,
    "m30": 1.2922747043880216e+17,
    "mu02": 1378551317833.3438,
    "mu03": -864236384.0,
    "mu11": 7538472.796875,
    "mu12": 756951211.75,
    "mu20": 1378565715805.2969,
    "mu21": 867805632.5,
    "mu30": -745069296.0,
    "nu02": 0.0003120684359217238,
    "nu03": -2.3997509880050147e-11,
    "nu11": 1.7065156621493615e-09,
    "nu12": 2.101849044888922e-11,
    "nu20": 0.0003120716952509411,
    "nu21": 2.4096618269524184e-11,
    "nu30": -2.0688561744331755e-11
}