{
    "m00": 14934358.0,
    "m01": 15165851812.0,
    "m02": 15470027514758.0,
    "m03": 1.5850153734912132e+16,
    "m10": 18212473437.0,
    "m11": 18494781141719.0,
    "m12": 1.8865724583693464e+16,
    "m20": 22280258048473.0,
    "m21": 2.262562039331118e+16,
    "m30": 2.734182729431633e+16,
    "mu02": 69093562087.00586,
    "mu03": -2123766.0,
    "mu11": 631199.0078125,
    "mu12": 35806608.046875,
    "mu20": 70117599621.39453,
    "mu21": 2555033.953125,
    "mu30": -35553604.0,
    "nu02": 0.000309787911973458,
    "nu03": -2.4639975358884246e-12,
    "nu11": 2.830044026731787e-09,
    "nu12": 4.15428978503388e-11,
    "nu20": 0.00031437928691460285,
    "nu21": 2.9643554725950317e-12,
    "nu30": -4.124936205210594e-11
}