{
    "m00": 12674515.0,
    "m01": 12281608065.0,
    "m02": 11950813637895.0,
    "m03": 1.1677110449722076e+16,
    "m10": 15456577029.0,
    "m11": 14977426986837.0,
    "m12": 1.457402315815372e+16,
    "m20": 18899637324095.0,
    "m21": 1.8313753458694204e+16,
    "m30": 2.3170882148582988e+16,
    "mu02": 49932486839.27539,
    "mu03": -5756870.0,
    "mu11": 150649.568359375,
    "mu12": -9895368.40625,
    "mu20": 50334336689.921875,
    "mu21": 6019014.2734375,
    "mu30": 10328340.0,
    "nu02": 0.0003108282596510777,
    "nu03": -1.0066026008039212e-11,
    "nu11": 9.377891251652732e-10,
    "nu12": -1.7302290261277748e-11,
    "nu20": 0.00031332976313356084,
    "nu21": 1.0524391591121759e-11,
    "nu30": 1.8059351533015635e-11
}