{
    "m00": 12424128.0,
    "m01": 12125954049.0,
    "m02": 11883107660687.0,
    "m03": 1.169194880987301e+16,
    "m10": 15157446014.0,
    "m11": 14793673750497.0,
    "m12": 1.4497401146375752e+16,
    "m20": 18540268237902.0,
    "m21": 1.8095309907614828e+16,
    "m30": 2.273668190654824e+16,
    "mu02": 48171510764.890625,
    "mu03": 6317350.0,
    "mu11": 193208.939453125,
    "mu12": -1704698.0234375,
    "mu20": 48172078934.18359,
    "mu21": -5969607.5546875,
    "mu30": 2374964.0,
    "nu02": 0.0003120746073846794,
    "nu03": 1.161101392952457e-11,
    "nu11": 1.2516859647048936e-09,
    "nu12": -3.133160660049833e-12,
    "nu20": 0.0003120782882160716,
    "nu21": -1.097187847297865e-11,
    "nu30": 4.3650803083760426e-12
}