{
    "m00": 28476712.0,
    "m01": 28761483078.0,
    "m02": 29302165391808.0,
    "m03": 3.0106379388055172e+16,
    "m10": 34997933763.0,
    "m11": 35347918086972.0,
    "m12": 3.601241775706841e+16,
    "m20": 43265597490047.0,
    "m21": 4.369825981957672e+16,
    "m30": 5.37955486789025e+16,
    "mu02": 253063485447.45312,
    "mu03": -41352136.0,
    "mu11": 121952.3984375,
    "mu12": -56829172.375,
    "mu20": 253069650479.875,
    "mu21": 41351277.8125,
    "mu30": 59977520.0,
    "nu02": 0.00031206840356428055,
    "nu03": -9.555938365358295e-12,
    "nu11": 1.5038712607602988e-10,
    "nu12": -1.3132479264670204e-11,
    "nu20": 0.00031207600605115225,
    "nu21": 9.555740049439236e-12,
    "nu30": 1.3860021267753725e-11
}