{
    "m00": 40930392.0,
    "m01": 41114592250.0,
    "m02": 41822428364042.0,
    "m03": 4.306096217772289e+16,
    "m10": 50283078650.0,
    "m11": 50509371393722.0,
    "m12": 5.137895215305767e+16,
    "m20": 62295691754058.0,
    "m21": 6.257604890444092e+16,
    "m30": 7.781495983976235e+16,
    "mu02": 522806902225.5547,
    "mu03": -304957464.0,
    "mu11": 2322215.6640625,
    "mu12": 157752699.5,
    "mu20": 522816514502.8672,
    "mu21": 306223546.625,
    "mu30": -150407968.0,
    "nu02": 0.00031206819183279323,
    "nu03": -2.8452766997543988e-11,
    "nu11": 1.386151636952032e-09,
    "nu12": 1.4718448741123693e-11,
    "nu20": 0.00031207392948848895,
    "nu21": 2.8570893484616176e-11,
    "nu30": -1.4033179617725481e-11
}