{
    "s2": 0.07557085071359528,
    "p": 0.03675995676413562,
    "loss": 5.510248240474461e-05
}