{
    "blur": {
        "cov": {
            "a": 0.004187912358140501,
            "b": 0.0004857456823181808
        },
        "pars": {
            "a": 0.20891243071050186,
            "b": 0.08347330362600495
        }
    },
    "gt": {
        "cov": {
            "a": 0.0002101811884033223,
            "b": 0.00022570079486393952
        },
        "pars": {
            "a": 0.06147611700759842,
            "b": 0.15961080851344966
        }
    }
}