{
    "s2": 0.025191174524271505,
    "p": 0.07479201521761668,
    "loss": 5.935724519897797e-05
}