{
    "s2": 0.027097474746467634,
    "p": 0.06638392688321362,
    "loss": 5.826273413653208e-05
}