{
    "s2": 0.027977055106005642,
    "p": 0.0748951640917495,
    "loss": 7.284815681822693e-05
}