{
    "s2": 0.35006614837487265,
    "p": 0.015887274407233823,
    "loss": 4.408934456648613e-05
}