{
    "s2": 0.1799051978091217,
    "p": 0.01916826531950044,
    "loss": 3.342587080982566e-05
}