{
    "s2": 0.026652361821269524,
    "p": 0.08189038061272091,
    "loss": 6.616679398667684e-05
}