{
    "s2": 0.025729279369282466,
    "p": 0.08026300201913361,
    "loss": 5.3785382043445986e-05
}