{
    "s2": 0.09853418345891066,
    "p": 0.025974677510180323,
    "loss": 5.243683641779215e-05
}