{
    "s2": 0.12112691449448454,
    "p": 0.022424289903497336,
    "loss": 4.583627582990791e-05
}