{
    "s2": 0.02796333017289556,
    "p": 0.07969120030272314,
    "loss": 7.205057063237825e-05
}