{
    "s2": 0.07608273016023463,
    "p": 0.03378234760259812,
    "loss": 5.489584495854923e-05
}