{
    "s2": 0.023464461629323523,
    "p": 0.077882169967177,
    "loss": 6.387503425668094e-05
}