{
    "s2": 0.026737381285473982,
    "p": 0.07223438662921511,
    "loss": 5.98113544486012e-05
}