{
    "s2": 0.028373394697166494,
    "p": 0.06732347870543216,
    "loss": 4.5322534590432845e-05
}