{
    "s2": 0.21798820760649126,
    "p": 0.01695442301721354,
    "loss": 3.729680221937636e-05
}