{
    "s2": 0.13465218751700406,
    "p": 0.022144718546708495,
    "loss": 3.309328801697751e-05
}