{
    "s2": 0.34953842954464187,
    "p": 0.013434311744279037,
    "loss": 3.689778600292832e-05
}