{
    "s2": 0.035678732530875876,
    "p": 0.06629839688066863,
    "loss": 7.730161103666254e-05
}