{
    "s2": 0.05684044940790995,
    "p": 0.044408868616784176,
    "loss": 5.7929301098775586e-05
}