{
    "s2": 0.3321966057916401,
    "p": 0.012387218686529205,
    "loss": 3.3832176203350275e-05
}