{
    "s2": 0.05413523783956021,
    "p": 0.04296072433773601,
    "loss": 6.187989726486924e-05
}