{
    "s2": 0.0255357288610809,
    "p": 0.06885620708098275,
    "loss": 4.9457762933421596e-05
}