{
    "s2": 0.026238541673021948,
    "p": 0.07101537470531506,
    "loss": 5.739937314955889e-05
}