{
    "m00": 6160.0,
    "m01": 5621000.0,
    "m02": 5132149225.333333,
    "m03": 4688536941850.0,
    "m10": 7422800.0,
    "m11": 6773305000.0,
    "m12": 6184239816526.667,
    "m20": 8947527866.666666,
    "m21": 8164619178333.333,
    "m30": 10789130898000.0,
    "mu02": 2986725.3333330154,
    "mu03": 0.0009765625,
    "mu11": 0.0,
    "mu12": 0.0007085800170898438,
    "mu20": 3053866.666666031,
    "mu21": 0.00025463104248046875,
    "mu30": 0.001953125,
    "nu02": 0.0787107156912268,
    "nu03": 3.279051691028118e-13,
    "nu11": 0.0,
    "nu12": 2.3792337953455973e-13,
    "nu20": 0.08048012593465463,
    "nu21": 8.549871108442456e-14,
    "nu30": 6.558103382056236e-13
}