{
    "m00": 10678.0,
    "m01": 9898506.0,
    "m02": 9185071777.666666,
    "m03": 8531538088743.0,
    "m10": 12786905.0,
    "m11": 11853460935.0,
    "m12": 10999123453755.834,
    "m20": 15321311092.666666,
    "m21": 14202855382902.0,
    "m30": 18368806724092.5,
    "mu02": 9156715.66666603,
    "mu03": 0.001953125,
    "mu11": 0.0,
    "mu12": 0.00141143798828125,
    "mu20": 8992355.16666603,
    "mu21": 0.0005893707275390625,
    "mu30": 0.00390625,
    "nu02": 0.08030820070213517,
    "nu03": 1.6576973672165499e-13,
    "nu11": 0.0,
    "nu12": 1.1979453630275848e-13,
    "nu20": 0.07886669083090977,
    "nu21": 5.002231313182753e-14,
    "nu30": 3.3153947344330997e-13
}