{
    "m00": 6671.0,
    "m01": 6033919.5,
    "m02": 5461222049.666666,
    "m03": 4946082572130.75,
    "m10": 7868444.5,
    "m11": 7117008050.25,
    "m12": 6441511407581.833,
    "m20": 9284372149.666666,
    "m21": 8397714609373.5,
    "m30": 10959272202793.25,
    "mu02": 3541861.916665077,
    "mu03": 0.0029296875,
    "mu11": -9.5367431640625e-07,
    "mu12": 0.0015492439270019531,
    "mu20": 3541861.916666031,
    "mu21": 0.0025277137756347656,
    "mu30": 0.001953125,
    "nu02": 0.07958839458590586,
    "nu03": 8.060165261507567e-13,
    "nu11": -2.142980431943304e-14,
    "nu12": 4.2622846573304175e-13,
    "nu20": 0.07958839458592729,
    "nu21": 6.954253914591734e-13,
    "nu30": 5.373443507671711e-13
}