{
    "m00": 7170.0,
    "m01": 6438660.0,
    "m02": 5785966262.0,
    "m03": 5203070752548.0,
    "m10": 14967375.0,
    "m11": 13440702750.0,
    "m12": 12078204571925.0,
    "m20": 31248529088.666664,
    "m21": 28061179121622.668,
    "m30": 65248562988087.5,
    "mu02": 4049582.0,
    "mu03": 0.0,
    "mu11": 0.0,
    "mu12": 0.0,
    "mu20": 4133776.1666641235,
    "mu21": 0.0035858154296875,
    "mu30": 0.015625,
    "nu02": 0.07877200251318352,
    "nu03": 0.0,
    "nu11": 0.0,
    "nu12": 0.0,
    "nu20": 0.08040973774315582,
    "nu21": 8.237397858061987e-13,
    "nu30": 3.5894023007044575e-12
}