{
    "m00": 16319.0,
    "m01": 15135872.5,
    "m02": 14059715063.666666,
    "m03": 13079699329996.25,
    "m10": 19346174.5,
    "m11": 17943576848.75,
    "m12": 16667792207976.834,
    "m20": 22956083189.666664,
    "m21": 21291767158415.832,
    "m30": 27264685982872.25,
    "mu02": 21193319.91666603,
    "mu03": 0.001953125,
    "mu11": 0.0,
    "mu12": 0.00140380859375,
    "mu20": 21193319.916664124,
    "mu21": 0.001056671142578125,
    "mu30": 0.0078125,
    "nu02": 0.07958146121675966,
    "nu03": 5.741114163011504e-14,
    "nu11": 0.0,
    "nu12": 4.1264258046645184e-14,
    "nu20": 0.07958146121675248,
    "nu21": 3.10603246709802e-14,
    "nu30": 2.2964456652046015e-13
}