{
    "m00": 45108.0,
    "m01": 42153426.0,
    "m02": 39554942118.666664,
    "m03": 37267928369889.0,
    "m10": 53588304.0,
    "m11": 50078270088.0,
    "m12": 46991271236976.0,
    "m20": 63824185571.666664,
    "m21": 59643701416722.5,
    "m30": 76206334736268.0,
    "mu02": 162565521.66666412,
    "mu03": 0.0078125,
    "mu11": 0.0,
    "mu12": 0.003021240234375,
    "mu20": 161280419.66666412,
    "mu21": 0.00238037109375,
    "mu30": 0.015625,
    "nu02": 0.0798953122629855,
    "nu03": 1.807823805690893e-14,
    "nu11": 0.0,
    "nu12": 6.9911936235702504e-15,
    "nu20": 0.07926372922786741,
    "nu21": 5.50821315796444e-15,
    "nu30": 3.615647611381786e-14
}