{
    "m00": 81772.0,
    "m01": 78174032.0,
    "m02": 75268056153.66666,
    "m03": 72976660828812.0,
    "m10": 97431338.0,
    "m11": 93144359128.0,
    "m12": 89681888907093.83,
    "m20": 116619987761.33333,
    "m21": 111488708299834.67,
    "m30": 140217012574945.0,
    "mu02": 533681561.6666565,
    "mu03": 0.03125,
    "mu11": 0.0,
    "mu12": 0.0069580078125,
    "mu20": 530548534.33332825,
    "mu21": 0.01007080078125,
    "mu30": 0.015625,
    "nu02": 0.07981287562754238,
    "nu03": 1.634325179425539e-14,
    "nu11": 0.0,
    "nu12": 3.638927157314676e-15,
    "nu20": 0.07934432670463841,
    "nu21": 5.2668682540080846e-15,
    "nu30": 8.171625897127695e-15
}