{
    "m00": 6961.0,
    "m01": 6428483.5,
    "m02": 5940561019.666666,
    "m03": 5493231070860.75,
    "m10": 8440212.5,
    "m11": 7794536243.75,
    "m12": 7202930236345.833,
    "m20": 10237614163.666666,
    "m21": 9454436680146.166,
    "m30": 12422459203931.25,
    "mu02": 3856507.4166669846,
    "mu03": 0.0009765625,
    "mu11": 9.5367431640625e-07,
    "mu12": -0.0007114410400390625,
    "mu20": 3856507.416666031,
    "mu21": -0.0020165443420410156,
    "mu30": 0.001953125,
    "nu02": 0.07958860697560106,
    "nu03": 2.4155774068777524e-13,
    "nu11": 1.96814376715968e-14,
    "nu12": -1.7597858843074252e-13,
    "nu20": 0.07958860697558139,
    "nu21": -4.988025807463875e-13,
    "nu30": 4.831154813755505e-13
}