{
    "m00": 6514.0,
    "m01": 5999394.0,
    "m02": 5528819051.666666,
    "m03": 5098263107847.0,
    "m10": 7823314.0,
    "m11": 7205272194.0,
    "m12": 6640111681051.667,
    "m20": 9399177291.666666,
    "m21": 8656642285625.0,
    "m30": 11296523908047.0,
    "mu02": 3377177.666666031,
    "mu03": 0.001953125,
    "mu11": 0.0,
    "mu12": 0.0010890960693359375,
    "mu20": 3377177.666666031,
    "mu21": 0.0005855560302734375,
    "mu30": 0.001953125,
    "nu02": 0.07958998084063411,
    "nu03": 5.703095623676972e-13,
    "nu11": 0.0,
    "nu12": 3.1801441417183117e-13,
    "nu20": 0.07958998084063411,
    "nu21": 1.7098148012390923e-13,
    "nu30": 5.703095623676972e-13
}