{
    "m00": 36500.0,
    "m01": 34346500.0,
    "m02": 32423637566.666664,
    "m03": 30705582517700.0,
    "m10": 43307250.0,
    "m11": 40752122250.0,
    "m12": 38470645972850.0,
    "m20": 51492567048.0,
    "m21": 48454505592168.0,
    "m30": 61353436714731.0,
    "mu02": 103581066.66666412,
    "mu03": 0.0078125,
    "mu11": 0.0,
    "mu12": 0.003021240234375,
    "mu20": 108514923.0,
    "mu21": 0.0,
    "mu30": 0.0,
    "nu02": 0.07774897103896726,
    "nu03": 3.0694309590812875e-14,
    "nu11": 0.0,
    "nu12": 1.1870065037072167e-14,
    "nu20": 0.08145237230249579,
    "nu21": 0.0,
    "nu30": 0.0
}