{
    "m00": 19161.0,
    "m01": 18059242.5,
    "m02": 17050053857.666666,
    "m03": 16124751316521.25,
    "m10": 22677043.5,
    "m11": 21373113498.75,
    "m12": 20178738740548.5,
    "m20": 26867498783.666664,
    "m21": 25322617603605.832,
    "m30": 31866843346422.75,
    "mu02": 29217801.41666603,
    "mu03": 0.001953125,
    "mu11": 0.0,
    "mu12": 0.00075531005859375,
    "mu20": 29217801.416664124,
    "mu21": 0.001094818115234375,
    "mu30": 0.0078125,
    "nu02": 0.0795813296787938,
    "nu03": 3.843125897666818e-14,
    "nu11": 0.0,
    "nu12": 1.4862088432383395e-14,
    "nu20": 0.07958132967878861,
    "nu21": 2.1542522121687045e-14,
    "nu30": 1.537250359066727e-13
}