{
    "m00": 86641.0,
    "m01": 81312578.5,
    "m02": 76909221748.33333,
    "m03": 73300562143369.25,
    "m10": 103579315.5,
    "m11": 97209187596.75,
    "m12": 91944974600132.5,
    "m20": 124426438506.33333,
    "m21": 116774212538193.83,
    "m30": 150180111315486.75,
    "mu02": 597366826.0833282,
    "mu03": 0.015625,
    "mu11": 0.0,
    "mu12": 0.006103515625,
    "mu20": 597366826.0833282,
    "mu21": -0.00048828125,
    "mu30": 0.03125,
    "nu02": 0.0795782141216591,
    "nu03": 7.071497390755718e-15,
    "nu11": 0.0,
    "nu12": 2.7623036682639523e-15,
    "nu20": 0.0795782141216591,
    "nu21": -2.2098429346111619e-16,
    "nu30": 1.4142994781511436e-14
}