{
    "m00": 101873.0,
    "m01": 98969619.5,
    "m02": 96974855621.66666,
    "m03": 95815738185469.75,
    "m10": 122807901.5,
    "m11": 119307876307.25,
    "m12": 116903188451919.17,
    "m20": 148870795535.66666,
    "m21": 144627977862900.2,
    "m30": 181454917257097.75,
    "mu02": 825870277.4166565,
    "mu03": 0.03125,
    "mu11": 0.0,
    "mu12": 0.0174560546875,
    "mu20": 825870277.4166565,
    "mu21": 0.03076171875,
    "mu30": 0.03125,
    "nu02": 0.0795781145417912,
    "nu03": 9.434139257503225e-15,
    "nu11": 0.0,
    "nu12": 5.269851225870942e-15,
    "nu20": 0.0795781145417912,
    "nu21": 9.286730831604738e-15,
    "nu30": 9.434139257503225e-15
}