{
    "m00": 110572.0,
    "m01": 108249988.0,
    "m02": 106949673459.33333,
    "m03": 106608737452646.0,
    "m10": 129369240.0,
    "m11": 126652485960.0,
    "m12": 125131117947420.0,
    "m20": 152334946007.3333,
    "m21": 149135912141179.34,
    "m30": 180508555213740.0,
    "mu02": 972935207.333313,
    "mu03": 0.03125,
    "mu11": -1.52587890625e-05,
    "mu12": 0.02392578125,
    "mu20": 972935207.333313,
    "mu21": 0.0615234375,
    "mu30": 0.0625,
    "nu02": 0.0795781042980144,
    "nu03": 7.686650042603984e-15,
    "nu11": -1.2480435473243568e-15,
    "nu12": 5.885091438868676e-15,
    "nu20": 0.0795781042980144,
    "nu21": 1.5133092271376595e-14,
    "nu30": 1.537330008520797e-14
}