{
    "blur": {
        "cov": {
            "a": 0.0004081110359379769,
            "b": 0.00022506966510176064
        },
        "pars": {
            "a": 0.07162009980968727,
            "b": 0.11878536851095349
        }
    },
    "gt": {
        "cov": {
            "a": 3.8960383048404044e-05,
            "b": 0.0008156344547767142
        },
        "pars": {
            "a": 0.010882710327110585,
            "b": 0.1942204284750378
        }
    }
}