{
    "s2": 0.0540303296280227,
    "p": 0.04388519583862287,
    "loss": 6.183939684191221e-05
}