{
    "s2": 0.02567117248667592,
    "p": 0.07718698751571955,
    "loss": 6.333272443085991e-05
}