{
    "blur": {
        "cov": {
            "a": 0.0020513543082021288,
            "b": 0.0001334985013104981
        },
        "pars": {
            "a": 0.23902112016119412,
            "b": 0.0733717671885794
        }
    },
    "gt": {
        "cov": {
            "a": null,
            "b": null
        },
        "pars": {
            "a": null,
            "b": null
        }
    }
}