{
    "s2": 0.025614376621943415,
    "p": 0.08702779475664947,
    "loss": 6.55483972404648e-05
}