{
    "s2": 0.18717156433198934,
    "p": 0.01810116978880333,
    "loss": 3.3108277588324447e-05
}