{
    "s2": 0.13560028126434295,
    "p": 0.021569450091336553,
    "loss": 3.301251077148882e-05
}