{
    "s2": 0.05689082851678704,
    "p": 0.04477019212445953,
    "loss": 5.7957423327554205e-05
}