{
    "s2": 0.005326231286518102,
    "p": 0.18162915753732908,
    "loss": 0.002328768454344109
}