{
    "s2": 0.020081292883064365,
    "p": 0.07174303628514686,
    "loss": 0.001322237854440847
}