{
    "s2": 0.026106086259694378,
    "p": 0.037147395318507144,
    "loss": 0.0006326299626928686
}