{
    "s2": -0.0039959074942994555,
    "p": 0.12892682052458304,
    "loss": 0.003409926920480329
}