{
    "s2": -0.0097330306312009,
    "p": 0.08845527236899013,
    "loss": 0.003136356571061885
}