{
    "s2": 0.0008470782058394022,
    "p": 0.010790596718991848,
    "loss": 0.0037561881409635227
}