{
    "s2": -0.0008065461941830776,
    "p": 0.5434758841990617,
    "loss": 0.003985380699053777
}