{
    "s2": 0.01430912447067123,
    "p": 0.02510576201828339,
    "loss": 0.0006104060289928792
}