{
    "s2": 0.014455405729117063,
    "p": 0.059896754214737724,
    "loss": 0.0007806844249141542
}