{
    "s2": 0.010964486177306484,
    "p": 0.12043554064043574,
    "loss": 0.002072474008054101
}