{
    "s2": 0.008349758460257872,
    "p": 0.13187506966927048,
    "loss": 0.0032878486817059407
}