{
    "s2": 0.024859097970445648,
    "p": 0.06398786416269414,
    "loss": 0.0009682730369960208
}