{
    "s2": 0.017153188557639892,
    "p": 0.08676182936060797,
    "loss": 0.0016277883543408106
}