{
    "s2": 0.014902615574331039,
    "p": 0.07684054233923919,
    "loss": 0.0008334954819430182
}