{
    "s2": 0.3075039481513509,
    "p": 0.015226076404591869,
    "loss": 3.714729883988859e-05
}