{
    "s2": 0.033273016499212035,
    "p": 0.06903994837006486,
    "loss": 7.752853984842682e-05
}