{
    "s2": 0.4089455193399552,
    "p": 0.01241422490598823,
    "loss": 3.432197524048222e-05
}