{
    "m00": 33038.0,
    "m01": 31419138.0,
    "m02": 29966461761.666664,
    "m03": 28663315753359.0,
    "m10": 41561804.0,
    "m11": 39525275604.0,
    "m12": 37697808896176.664,
    "m20": 52371610955.666664,
    "m21": 49805402018839.0,
    "m30": 66102030175774.0,
    "mu02": 86861523.66666412,
    "mu03": 0.0078125,
    "mu11": 0.0,
    "mu12": 0.0005950927734375,
    "mu20": 86861523.66666412,
    "mu21": 0.002410888671875,
    "mu30": 0.0078125,
    "nu02": 0.07957926900599874,
    "nu03": 3.937818167018069e-14,
    "nu11": 0.0,
    "nu12": 2.999509931908295e-15,
    "nu20": 0.07957926900599874,
    "nu21": 1.2151860749782323e-14,
    "nu30": 3.937818167018069e-14
}