{
    "m00": 7254.0,
    "m01": 7003695.0,
    "m02": 6766214268.0,
    "m03": 6540826319206.5,
    "m10": 9194468.5,
    "m11": 8877207088.666666,
    "m12": 8576200438345.917,
    "m20": 11658207118.166666,
    "m21": 11255933975863.584,
    "m30": 14787433157540.25,
    "mu02": 4187296.2568235397,
    "mu03": -1366.3056640625,
    "mu11": 987.0527286529541,
    "mu12": 27895.258006095886,
    "mu20": 4188508.0905361176,
    "mu21": 1047.105634212494,
    "mu30": -27717.544921875,
    "nu02": 0.07957535530103012,
    "nu03": -3.048624887011243e-07,
    "nu11": 1.8757944689348053e-05,
    "nu12": 6.22424249740162e-06,
    "nu20": 0.07959838498231599,
    "nu21": 2.3363968837677857e-07,
    "nu30": -6.1845895452435784e-06
}