{
    "m00": 101873.0,
    "m01": 97034032.5,
    "m02": 93250786233.66666,
    "m03": 90394656766046.25,
    "m10": 127901551.5,
    "m11": 121826227803.75,
    "m12": 117076362116368.5,
    "m20": 161406268185.66666,
    "m21": 153739470446847.47,
    "m30": 204719329973697.75,
    "mu02": 825870277.4166565,
    "mu03": 0.03125,
    "mu11": 0.0,
    "mu12": 0.0128173828125,
    "mu20": 825870277.4166565,
    "mu21": -0.0216064453125,
    "mu30": 0.03125,
    "nu02": 0.0795781145417912,
    "nu03": 9.434139257503225e-15,
    "nu11": 0.0,
    "nu12": 3.869471179835307e-15,
    "nu20": 0.0795781145417912,
    "nu21": -6.522822846008089e-15,
    "nu30": 9.434139257503225e-15
}