{
    "m00": 58157.0,
    "m01": 56441264.0,
    "m02": 55045282387.166664,
    "m03": 53943740898178.0,
    "m10": 72376548.0,
    "m11": 70241302202.91666,
    "m12": 68503991940640.164,
    "m20": 90341985818.5,
    "m21": 87676716916694.0,
    "m30": 113100820090039.0,
    "mu02": 269137092.22888947,
    "mu03": -878701.65625,
    "mu11": -7580.543151855469,
    "mu12": -135248.34564208984,
    "mu20": 269170845.3015137,
    "mu21": 879774.5630187988,
    "mu30": 133398.9375,
    "nu02": 0.07957370230390684,
    "nu03": -1.0772994945639619e-06,
    "nu11": -2.241281122093201e-06,
    "nu12": -1.6581620549419032e-07,
    "nu20": 0.07958368181632038,
    "nu21": 1.0786148920160093e-06,
    "nu30": 1.6354880740458321e-07
}