{
    "m00": 16068.0,
    "m01": 15650232.0,
    "m02": 15263872450.666666,
    "m03": 14907036315184.0,
    "m10": 20358156.0,
    "m11": 19828843944.0,
    "m12": 19339326394994.668,
    "m20": 25814330134.666664,
    "m21": 25143157551165.332,
    "m30": 32758821067700.0,
    "mu02": 20546482.66666603,
    "mu03": 0.001953125,
    "mu11": 0.0,
    "mu12": 0.002105712890625,
    "mu20": 20546482.666664124,
    "mu21": 0.0011749267578125,
    "mu30": 0.0078125,
    "nu02": 0.07958181504227067,
    "nu03": 5.967954197433314e-14,
    "nu11": 0.0,
    "nu12": 6.434200619107791e-14,
    "nu20": 0.07958181504226329,
    "nu21": 3.590097446893478e-14,
    "nu30": 2.3871816789733256e-13
}