{
    "m00": 126392.0,
    "m01": 119313384.5,
    "m02": 113902434850.16666,
    "m03": 109923359754039.25,
    "m10": 156725416.5,
    "m11": 147947970436.0,
    "m12": 141238423854421.84,
    "m20": 195609974168.5,
    "m21": 184654791326415.34,
    "m30": 245708100692835.25,
    "mu02": 1271226222.6835938,
    "mu03": -2570721.765625,
    "mu11": -3.483062744140625,
    "mu12": 2582305.48828125,
    "mu20": 1271280445.0169373,
    "mu21": 2582590.282470703,
    "mu30": -2569867.84375,
    "nu02": 0.07957628689521211,
    "nu03": -4.526433136128444e-07,
    "nu11": -2.1803294744553592e-10,
    "nu12": 4.5468293325477104e-07,
    "nu20": 0.07957968110772698,
    "nu21": 4.547330787770658e-07,
    "nu30": -4.524929581631668e-07
}