{
    "m00": 30536.0,
    "m01": 29345002.5,
    "m02": 28274653292.166664,
    "m03": 27314458675090.25,
    "m10": 38475228.5,
    "m11": 36974572268.666664,
    "m12": 35625932727195.0,
    "m20": 48552834673.5,
    "m21": 46659114414735.164,
    "m30": 61363377335825.25,
    "mu02": 74195742.8803711,
    "mu03": -326281.62890625,
    "mu11": -4510.235984802246,
    "mu12": 9464.540054321289,
    "mu20": 74212452.93370819,
    "mu21": 326078.3603363037,
    "mu30": -7440.90625,
    "nu02": 0.0795709775755209,
    "nu03": -2.0024526448398125e-06,
    "nu11": -4.8369875746867375e-06,
    "nu12": 5.808568912537071e-08,
    "nu20": 0.07958889821662178,
    "nu21": 2.0012051468214096e-06,
    "nu30": -4.566626214986441e-08
}