{
    "m00": 41964.0,
    "m01": 40369368.0,
    "m02": 38975469033.33333,
    "m03": 37764024831416.0,
    "m10": 52790712.0,
    "m11": 50784664944.0,
    "m12": 49031140043933.336,
    "m20": 66550852713.33333,
    "m21": 64021920310226.664,
    "m30": 84073557448984.0,
    "mu02": 140137017.33332825,
    "mu03": 0.015625,
    "mu11": 0.0,
    "mu12": 0.009002685546875,
    "mu20": 140137017.33332825,
    "mu21": 0.002288818359375,
    "mu30": 0.015625,
    "nu02": 0.07957911646654656,
    "nu03": 4.331395391555253e-14,
    "nu11": 0.0,
    "nu12": 2.4956282041187493e-14,
    "nu20": 0.07957911646654656,
    "nu21": 6.3448174680985156e-15,
    "nu30": 4.331395391555253e-14
}