{
    "m00": 52139.0,
    "m01": 49636403.0,
    "m02": 47469458806.83333,
    "m03": 45601365632404.5,
    "m10": 65877475.5,
    "m11": 62715459313.416664,
    "m12": 59977539869427.914,
    "m20": 83453136570.33333,
    "m21": 79447526474154.25,
    "m30": 105991499320831.75,
    "mu02": 215531750.7254486,
    "mu03": -508190.5625,
    "mu11": 7875.13387298584,
    "mu12": 1149236.5169677734,
    "mu20": 217137064.1460266,
    "mu21": 514565.8337097168,
    "mu30": -1150161.765625,
    "nu02": 0.07928405641959793,
    "nu03": -8.186906909336179e-07,
    "nu11": 2.896893641870159e-06,
    "nu12": 1.8514102928121397e-06,
    "nu20": 0.07987457618932954,
    "nu21": 8.289611988428871e-07,
    "nu30": -1.8529008605604737e-06
}