{
    "m00": 20911.0,
    "m01": 20367192.0,
    "m02": 19872325835.5,
    "m03": 19423318958744.0,
    "m10": 26347911.5,
    "m11": 25662718047.75,
    "m12": 25039190962713.918,
    "m20": 33233230595.333332,
    "m21": 32368987533017.082,
    "m30": 41961641705121.75,
    "mu02": 34799654.78822327,
    "mu03": 213614.65234375,
    "mu11": 5967.050464630127,
    "mu12": -155694.69570159912,
    "mu20": 34797215.20649719,
    "mu21": -212861.3260154724,
    "mu30": 153864.0625,
    "nu02": 0.07958392086206009,
    "nu03": 3.3782674880349297e-06,
    "nu11": 1.3646148930125307e-05,
    "nu12": -2.4622764533108735e-06,
    "nu20": 0.07957834174122669,
    "nu21": -3.366353802270502e-06,
    "nu30": 2.433325402623921e-06
}