{
    "blur": {
        "cov": {
            "a": 0.007313303272732451,
            "b": 0.00010615246922953271
        },
        "pars": {
            "a": 0.623783054641752,
            "b": -0.001486725114915274
        }
    },
    "gt": {
        "cov": {
            "a": null,
            "b": null
        },
        "pars": {
            "a": null,
            "b": null
        }
    }
}