{
    "s2": 0.02426468447675077,
    "p": 0.0825587487141435,
    "loss": 4.752658231123664e-05
}