{
    "blur": {
        "cov": {
            "a": 0.03355620744525586,
            "b": 0.0026759172543567495
        },
        "pars": {
            "a": 0.8043903874482966,
            "b": -0.10395273546957044
        }
    },
    "gt": {
        "cov": {
            "a": null,
            "b": null
        },
        "pars": {
            "a": null,
            "b": null
        }
    }
}