{
    "s2": 0.09405607826276699,
    "p": 0.028196590807705632,
    "loss": 5.1977890129073606e-05
}