{
    "blur": {
        "cov": {
            "a": 0.01988889027638901,
            "b": 0.0019392844450173443
        },
        "pars": {
            "a": 0.4185096772667374,
            "b": -0.03135260273025105
        }
    },
    "gt": {
        "cov": {
            "a": null,
            "b": null
        },
        "pars": {
            "a": null,
            "b": null
        }
    }
}