{
    "score": {
        "cov": {
            "a": 0.02321966677473803,
            "b": 2.0401904253565546e-05
        },
        "pars": {
            "a": 2.1879013491938886,
            "b": 0.09967537605574663
        }
    }
}