{
    "blur": {
        "cov": {
            "a": 0.008696955863226446,
            "b": 0.0004572642666941879
        },
        "pars": {
            "a": 0.3062933947901799,
            "b": 0.044456834136654994
        }
    },
    "gt": {
        "cov": {
            "a": 9.060067080635219e-06,
            "b": 0.00013281319829226823
        },
        "pars": {
            "a": 0.014283736863758065,
            "b": 0.21258063118335885
        }
    }
}