{
    "blur": {
        "cov": {
            "a": 0.0023830525041735524,
            "b": 0.0004078236605222855
        },
        "pars": {
            "a": 0.15010019133166153,
            "b": 0.09059930188900342
        }
    },
    "gt": {
        "cov": {
            "a": 9.060067080635219e-06,
            "b": 0.00013281319829226823
        },
        "pars": {
            "a": 0.014283736863758065,
            "b": 0.21258063118335885
        }
    }
}